industry,keywords
Telecoms,"carrier services, satellite communication, fixed-line network, mobile virtual network operator, last mile connectivity, telecom towers, telecom billing, submarine cables, backhaul, network management"
Mobile,"mobile applications, mobile devices, mobile operating systems, mobile content, mobile commerce, location-based services, mobile gaming, mobile security, mobile user experience, mobile data"
Communications,"real-time communication, chat applications, video conferencing, audio conferencing, web conferencing, email, instant messaging, communication APIs, social networking, enterprise communication"
Network Infrastructure,"content delivery network, network function virtualization, data center, optical networking, network topology, ethernet, VPN, MPLS, traffic management, network architecture"
5G Networks,"5G radio access network, millimeter wave, 5G small cells, 5G core network, 5G network slicing, massive MIMO, beamforming, 5G network deployment, 5G use cases, 5G testing and validation"
AdTech,"ad exchange, real-time bidding, ad server, click-through rate, ad fraud, viewability, native advertising, ad verification, ad placement, cost per action"
LegalTech,"legal research, intellectual property management, legal billing, regulatory compliance, e-signature, practice management software, legal process outsourcing, legal document automation, litigation analytics, client intake"
Entertainment,"live events, on-demand streaming, media production, venue management, ticketing, talent scouting, multimedia storytelling, content licensing, entertainment analytics, virtual reality experiences"
Human Resources,"applicant tracking, onboarding, workforce planning, learning management, employee retention, succession planning, employee recognition, labor law compliance, time and attendance, workplace culture"
Creator Economy,"creator tools, monetization strategies, brand partnerships, livestreaming, content distribution, social commerce, creator communities, digital merchandise, content curation, fan engagement"
InsurTech,"insurtech platforms, claims automation, P2P insurance, insurance comparison, microinsurance, usage-based insurance, parametric insurance, digital brokerage, risk analytics, insurtech partnerships"
Media,"digital journalism, content marketing, media monitoring, video production, editorial strategy, podcasting, media innovation, native advertising, branded content, media planning"
Sales & CRM,"salesforce automation, customer segmentation, prospect nurturing, sales enablement, contact management, deal tracking, proposal generation, customer support, upselling, cross-selling"
MarTech,"email marketing, marketing attribution, data-driven marketing, omnichannel marketing, conversion rate optimization, mobile marketing, content personalization, marketing performance, web analytics, audience targeting"
Social Networks,"friendship networks, professional networking, photo sharing, video sharing, ephemeral messaging, location-based networks, interest-based communities, social gaming, virtual events, social network analytics"
Extremism,"online recruitment, extremist propaganda, radical ideologies, lone-actor terrorism, countering violent extremism, extremist subcultures, echo chambers, internet censorship, de-radicalization, extremist financing"
Disinformation,"information warfare, conspiracy theories, cognitive hacking, online echo chambers, disinformation campaigns, troll farms, media literacy, confirmation bias, fact-checking initiatives, trust in media"
Social Impact,"corporate social responsibility, social enterprise, impact investing, sustainable development, environmental justice, community development, capacity building, social innovation, public-private partnerships, social entrepreneurship"
Energy Generation,"photovoltaic, wind turbine, hydroelectric, tidal energy, biofuel conversion, energy storage, combined heat and power, energy grid, biomass, energy transmission"
Carbon Removal,"bioenergy with carbon capture, enhanced weathering, ocean fertilization, carbon mineralization, afforestation, blue carbon, soil carbon sequestration, carbon capture technology, carbon offset, carbon markets"
Biodiversity,"wildlife corridors, habitat connectivity, species recovery, invasive species control, ecosystem services, marine protected areas, landscape ecology, conservation biology, rewilding, adaptive management"
Circular Economy,"product life extension, circular supply chain, resource recovery, sharing economy, cradle-to-cradle, industrial ecology, circular business models, regenerative design, closed-loop systems, waste hierarchy"
Materials,"smart materials, conductive polymers, advanced ceramics, shape-memory alloys, biodegradable plastics, self-healing materials, metamaterials, 3D printing materials, high-performance textiles, material characterization"
GreenTech,"solar thermal, wave energy, electric vehicle charging, green building, smart grid, energy management systems, anaerobic digestion, water purification, air quality monitoring, eco-friendly packaging"
Climate & Clean Tech,"low-carbon technologies, green hydrogen, climate adaptation, energy conservation, environmental monitoring, sustainable agriculture, clean air solutions, resource optimization, sustainable urban planning, green chemistry"
Carbon Capture,"post-combustion capture, pre-combustion capture, oxy-fuel combustion, carbon capture and utilization, carbon dioxide removal, enhanced oil recovery, geological storage, carbon mineralization, carbon credit, carbon capture membrane"
Connected Life,"IoT sensors, smart appliances, mobile integration, data exchange, smart security, home energy management, wireless automation, remote control, wearable devices, intelligent lighting"
Food & Beverage,"food processing, culinary arts, food preservation, food quality, agri-food, craft beverages, foodservice, food innovation, gastronomy, food distribution"
Beauty,"cosmeceuticals, skin treatments, makeup application, hair styling, self-care products, natural cosmetics, cosmetic surgery, beauty services, makeup tools, clean beauty"
Sport & Wellness,"physical activity, sports coaching, wellness programs, health tracking, wearable fitness, sports equipment, personal training, rehabilitation, sports medicine, sports nutrition"
Nutrition,"dietary supplements, probiotics, prebiotics, nutraceutical formulation, meal replacements, food biochemistry, food fortification, nutrigenetics, specialized diets, food allergy management"
FemTech,"fertility tracking, hormonal health, menstrual care products, women's sexual health, pregnancy support, breastfeeding support, women's health diagnostics, intimate care, women's health platforms, gynecological health"
Health Tech,"digital health platforms, telemedicine services, clinical data management, remote diagnostics, population health management, home care technology, patient engagement tools, health information exchange, AI in healthcare, personalized medicine"
SexTech,"sexual education, intimacy enhancement, sexual health resources, pleasure products, sexual wellness, adult entertainment, consent education, sex-positive apps, erotic art, sexual performance"
Psychedelics,"psychedelic-assisted therapy, microdosing, mental health treatments, psychedelic research, neuropharmacology, set and setting, entheogens, consciousness exploration, integrative medicine, psychedelic policy reform"
FamilyTech,"early childhood education, child safety products, family communication tools, parenting resources, children's health, child tracking devices, family entertainment, baby care, parental support, child-friendly tech"
MedTech,"diagnostic imaging, in-vitro diagnostics, telehealth platforms, electronic health records, implantable devices, medical robotics, surgical navigation, wearable medical devices, regenerative medicine, patient monitoring systems"
Happiness & Wellbeing,"mindfulness practices, self-improvement, emotional regulation, life satisfaction, coping strategies, personal development, well-being assessments, happiness research, gratitude practice, mental wellness tools"
IoT,"IoT platforms, connected sensors, wireless communication, IoT data management, device integration, IoT security, edge computing, real-time analytics, machine-to-machine communication, IoT applications"
3D Printing,"stereolithography, selective laser sintering, fused deposition modeling, digital light processing, 3D bioprinting, 3D modeling software, layer-by-layer printing, 3D printer materials, build volume, post-processing"
Connected Home,"smart lighting, home energy monitoring, intelligent HVAC, smart security systems, remote home access, wireless home networking, voice-controlled assistants, home automation hubs, smart home protocols, connected entertainment"
Manufacturing,"additive manufacturing, subtractive manufacturing, assembly line, computer numerical control, lean manufacturing, six sigma, industrial robotics, factory automation, process optimization, digital twin technology"
Economic Empowerment,"microcredit, financial literacy, community development, social entrepreneurship, capacity building, income generation, skills development, financial access, economic mobility, financial empowerment"
RegTech,"AML/KYC compliance, regulatory reporting, risk assessment, data aggregation, regulatory sandbox, financial surveillance, fraud detection, legal entity identifiers, transaction monitoring, stress testing"
Industrial Tech,"advanced manufacturing, industrial automation systems, machine vision, manufacturing execution systems, programmable logic controllers, industrial robots, factory floor optimization, smart maintenance, industrial cybersecurity, digital manufacturing"
Industrial IoT,"IIoT monitoring, industrial data analytics, remote asset management, industrial networking, industrial IoT security, manufacturing automation, production line optimization, smart logistics, real-time process control, digital transformation"
Death Tech,"online memorials, funeral planning, digital estate management, death care services, grief support, eco-friendly burials, funeral industry innovation, end-of-life documentation, legacy preservation, green cemeteries"
Automotive,"internal combustion engine, hybrid vehicles, vehicle electrification, automotive engineering, telematics, in-vehicle infotainment, automotive safety, car manufacturing, vehicle-to-vehicle communication, automotive design"
Autonomous Driving,"driverless cars, autonomous navigation, obstacle detection, machine learning in driving, vehicle control algorithms, mapping for autonomous vehicles, ADAS systems, autonomous fleet management, vehicle-to-infrastructure communication, human-machine interfaces"
Infrastructure Tech,"intelligent transportation systems, smart grid technology, urban IoT, waste management solutions, smart water networks, city-scale connectivity, public space optimization, sustainable infrastructure, asset management, e-governance"
Mobility,"multi-modal transportation, micro-mobility, Mobility-as-a-Service, on-demand transit, car-sharing platforms, last-mile connectivity, vehicle-to-grid integration, electric scooter sharing, pedestrian-centric urban design, intermodal transport"
Supply Chains,"supply chain visibility, warehouse automation, order management systems, logistics optimization, predictive analytics, trade compliance, real-time tracking, distribution network design, reverse logistics, supply chain risk management"
Transportation,"mass transit systems, freight transportation, intermodal shipping, urban mobility solutions, public transport networks, vehicle connectivity, smart parking, traffic management, ride-hailing services, green transportation"
Cybersecurity,"secure communication, cryptography, network security, endpoint protection, advanced persistent threats, honeypots, security information and event management, zero-day exploits, phishing, sandboxing"
Defense,"tactical communications, military vehicles, unmanned aerial systems, electronic warfare, defense procurement, ballistic missile defense, intelligence gathering, force protection, military simulation, C4ISR"
InfoSec,"application security, data breach prevention, secure coding, security architecture, identity management, risk assessment, penetration testing, security awareness training, incident response, data loss prevention"
Search,"search algorithms, query expansion, search personalization, search filters, web crawlers, search engine optimization, faceted search, latent semantic indexing, metadata, clustering algorithms"
Security,"physical security, biometric authentication, video surveillance, perimeter security, security guards, critical infrastructure protection, access badges, intrusion alarms, visitor management, asset tracking"
Blockchain,"blockchain protocol, hash function, proof-of-work, proof-of-stake, consensus mechanism, permissioned blockchain, permissionless blockchain, sidechains, hashing, Merkle tree"
Crypto,"altcoins, crypto mining, cold storage, hot wallet, digital asset exchange, initial coin offering (ICO), tokenomics, hashing power, non-fungible tokens (NFTs), digital signatures"
DeFi,"automated market makers, flash loans, governance tokens, DeFi protocols, wrapped tokens, decentralized exchanges (DEX), staking, synthetic assets, lending platforms, oracles"
Design,"visual hierarchy, color theory, wireframing, mockups, responsive design, design thinking, grid systems, design patterns, user research, interaction design"
Procurement,"strategic sourcing, e-procurement, vendor management, spend analysis, procurement analytics, cost reduction, supply risk, tendering, total cost of ownership, contract lifecycle management"
Sharing Economy,"ridesharing, home-sharing, coworking, crowdfunding, shared mobility, on-demand services, asset-light, micro-entrepreneur, collaborative workspace, circular economy"
Web3,"interplanetary file system (IPFS), decentralized autonomous organizations (DAOs), content-addressable storage, Ethereum Virtual Machine (EVM), zero-knowledge proofs, Layer 2 solutions, decentralized DNS, swarm intelligence"
Analytics,"statistical analysis, data exploration, correlation analysis, data-driven decision making, descriptive analytics, prescriptive analytics, data modeling, cohort analysis, segmentation, data transformation"
Big Data,"MapReduce, Spark, data clustering, NoSQL databases, data ingestion, real-time processing, batch processing, parallel processing, data partitioning, data redundancy"
Business Intelligence,"querying, OLAP, drill-down analysis, performance metrics, scorecards, BI tools, self-service BI, data lineage, real-time analytics, report automation"
Data Infrastructure,"data center, content delivery network (CDN), data replication, fault tolerance, backup and recovery, latency reduction, network optimization, hybrid cloud, virtualization, high availability"
Data Management,"metadata management, data lineage, data catalog, data stewardship, data curation, data lakehouse, data virtualization, data deduplication, data profiling, data retention"
E-commerce,"online transactions, digital retail, e-shopping, checkout, shipping solutions, mobile purchasing, e-commerce personalization, virtual storefront, order processing, last-mile delivery"
Fashion,"garments, clothing, apparel, fashion design, haute couture, fabrics, eco-friendly fashion, fashion retail, style forecasting, e-tail, wearable technology, fashion accessories"
Logistics,"supply chain management, warehouse automation, freight forwarding, cargo management, order tracking, last-mile delivery, parcel handling, express courier, route optimization, fleet management"
Payments,"payment settlement, e-wallet, contactless payment, online transactions, merchant services, payment security, financial technology, digital currency, cross-border payments, transaction authentication"
Physical Storage,"storage facility, warehouse operations, inventory control, order fulfillment, secure storage, storage infrastructure, climate-controlled storage, document storage, warehouse management system, pallet storage"
Retail,"multi-channel retail, in-store experience, product display, inventory optimization, point-of-sale system, store layout, merchandising strategy, retail supply chain, shop management, store branding"
Travel,"tourist attractions, lodging, reservation systems, travel planning, adventure tourism, OTA, experiential travel, hotel industry, itinerary management, holiday packages"
Deep Tech,"cutting-edge technology, groundbreaking research, machine intelligence, quantum tech, nanofabrication, bioengineering, advanced materials, autonomous systems, photonic devices, disruptive innovations"
Hardware,"electronics manufacturing, computing hardware, gadget, CPU, chip fabrication, circuit board, input/output devices, storage solutions, firmware, hardware components"
Nano,"nanoengineering, nanofabrication, atom-sized particles, nanotubes, nanobiotechnology, quantum mechanics, molecular machines, bottom-up assembly, nanoelectronics, nanophotonics"
Quantum Computing,"quantum bits, qubit manipulation, quantum entanglement, quantum superposition, Shor's algorithm, quantum key distribution, decoherence, quantum annealing, quantum error correction, quantum gate"
Semiconductors,"IC design, microelectronics, silicon wafer, MOSFET, chip manufacturing, semiconductor substrate, process technology, memory chips, electronic devices, photolithography"
Electrification,"EV charging, charge stations, grid integration, battery technology, power conversion, electric drivetrain, clean transportation, electrified infrastructure, electric powertrains"
Energy Distribution,"power grid management, electrical transmission, distributed energy resources, grid modernization, energy network, grid reliability, utility operations, load balancing, smart meters"
Energy Efficiency,"energy-saving technologies, building performance, energy optimization, demand-side management, green construction, efficient lighting, HVAC efficiency, energy-efficient appliances, home energy assessment"
Energy Storage,"battery systems, energy storage solutions, flywheel, pumped hydro, compressed air energy storage, redox flow batteries, energy storage integration, grid flexibility, peak shaving"
Cloud Computing,"cloud-based services, IaaS, PaaS, SaaS, cloud migration, data center virtualization, multi-cloud, cloud-native applications, data redundancy, cloud-based architecture"
Cloud Infrastructure,"cloud data storage, virtual servers, cloud networking, infrastructure as a service, resource allocation, elastic infrastructure, cloud stack, managed services, private cloud"
Cloud Ops,"cloud management, continuous integration, continuous deployment, autoscaling, performance monitoring, configuration management, cloud-native development, Kubernetes, cloud security"
Data Centers,"data center facilities, server farms, IT infrastructure, cooling systems, power distribution, network redundancy, green data centers, colocation services, high-availability"
Data Storage,"data backup, storage architecture, data retention, archiving, storage hardware, NAS, SAN, object storage, data protection, storage scalability"
Edge Computing,"fog computing, low latency computing, edge processing, localized data, edge analytics, edge networks, distributed data, real-time insights, edge servers"
Productivity,"task automation, time tracking, team collaboration, process optimization, productivity tools, remote work, time-saving techniques, performance improvement, personal productivity"
PropTech,"real estate tech, smart property, tenant management, proptech platforms, digital real estate, building automation, real estate analytics, property investment tools, virtual property viewing"
API-First,"API design, RESTful services, API versioning, API economy, API management, API security, API testing, API documentation, API lifecycle, API integration"
Developer Tools,"coding environment, development frameworks, SDK, continuous integration, Git, code editor, build tools, debugging tools, collaboration tools, code refactoring"
Future of Work,"distributed teams, virtual workspaces, digital nomads, remote collaboration, workforce transformation, online training, reskilling, flexible work arrangements, telecommuting"
Automation,"BPA, RPA, automated systems, AI-driven automation, smart manufacturing, process optimization, business process automation, home automation, industrial automation"
Computer Vision,"image analysis, pattern recognition, convolutional neural networks, machine vision, scene understanding, visual computing, gesture recognition, biometrics, video processing"
EdTech,"digital education, e-learning platforms, online tutoring, virtual learning environments, educational apps, digital textbooks, learning analytics, remote learning, skills training"
Generative AI,"neural style transfer, variational autoencoders, text generation, image synthesis, generative models, creative AI, data generation, unsupervised learning, artistic applications"
Robotics,"robotic systems, AI-powered robots, swarm robotics, collaborative robots, drones, exoskeletons, teleoperation, autonomous navigation, haptic feedback"
AR/MR/VR,"immersive experiences, AR glasses, VR headsets, holographic displays, 3D modeling, virtual environments, digital twins, XR, user interaction, virtual simulations"
Esports,"competitive gaming, esports leagues, live streaming, gaming tournaments, esports teams, game broadcasting, player rankings, esports viewership, game strategy, esports events"
FinTech,"digital banking, online lending, mobile payments, peer-to-peer lending, financial services innovation, robo-advisors, InsurTech, RegTech, financial data analytics"
Gaming,"game platforms, indie game development, cloud gaming, game engines, player communities, interactive storytelling, game monetization models, casual games, gaming hardware"
Metaverse,"connected virtual spaces, digital assets, decentralized platforms, virtual economies, avatar creation, social VR, virtual experiences, digital governance, metaverse development"
Chemicals,"chemical processes, advanced materials, specialty chemicals, chemical safety, chemical analysis, chemical production, chemical engineering, catalysts, chemical recycling"
Healthcare,"preventive medicine, chronic disease management, healthcare delivery, telemedicine, patient experience, medical diagnostics, healthcare technology, home care, health informatics"
Location Services,"geoanalytics, location intelligence, geofencing, cartography, spatial data, location tracking, mobile location, positioning systems, routing algorithms, map services"
Neuro,"neurophysiology, neurobiology, cognitive neuroscience, neuroinformatics, neuroprosthetics, neurodevelopment, brain mapping, neural circuits, synaptic plasticity, brain disorders"
OceanTech,"oquaonic systems, marine technology, ocean sensors, underwater robotics, marine biology, ocean energy, maritime surveillance, marine pollution, ocean monitoring, seafloor mapping"
Space Tech,"space systems, space communications, satellite technology, space missions, astrophysics, space propulsion, space situational awareness, lunar exploration, deep space, spaceflight"
Video/Audio,"media production, video platforms, audio engineering, content delivery, live streaming, media codecs, audio recognition, video analytics, audio processing, video storage"
Genomics,"functional genomics, gene expression, epigenomics, next-generation sequencing, genome assembly, gene editing, genomic medicine, gene regulation, genomics data analysis, genomic markers"
Longevity,"aging biology, lifespan extension, rejuvenation therapies, gerontology, age-related biomarkers, aging pathways, geroprotectors, healthy aging, epigenetics of aging, longevity interventions, senescence, telomeres"
Gut Microbiome,"intestinal microbiota, intestinal ecology, gut microbiome diversity, gut metabolites, gut homeostasis, gut inflammation, microbiome therapeutics, gut-brain axis, short-chain fatty acids, enteric bacteria, dysbiosis, gut barrier, fecal microbiota transplantation, metabolomics, host-microbe interaction"
Life Sciences,"drug discovery, therapeutics, biotechnology, pharmacology, genomics, bioinformatics, disease modeling, systems biology, bioprocessing, molecular medicine, biomedical research, molecular diagnostics, medical imaging, tissue engineering, regenerative medicine, cell culture, biomaterials, clinical trials, proteomics, immunology"
