id,name,cb_description
4081,InterResolve,"insurance, insurer, agency, compensation"
2785,GladCloud,"brand, asset, customisation, product, learn, marketing, analysis, stakeholder, cosmetic"
23680,13th-Lab,"camera, vision, sensor, vehicle, potential"
2932,Hilson-Moran,"leisure, facility, hotel"
22003,1928-Diagnostics,"infection, diagnostic, trace, outbreak"
21617,1939-Games,"gaming, veteran, experience, fun, game, card"
23558,2021.AI,"capability, oversight, expertise"
22310,20nine,"brand, industry, marketing"
21774,21GRAMS,"post, offer, postage, mailing"
9229,Geltor,"fermentation, protein"
4726,Cloud-Sustainability,"platform, term, software, user, consultancy"
2475,IOCOM,videoconferencing
23525,21st.BIO,"platform, bioproduction, system, media, molecule, startup, foundation"
4315,iSIZE-Technologies,"content, video, saving, bitrate, improvement, quality"
246,Iterable,"customer, marketer, market, channel"
19064,Cyrus-Audio,"design, engineering, equipment, audio"
25530,24SevenOffice,"web, file, module, application"
23102,2D-fab-AB,"material, powder, electronic, defense, graphite"
8367,Utmost,"vendor, legacy, source"
3351,Jiffy.ai,"platform, robot, algorithm, process, automation, processing, software, format, data"
9293,eleXsys-Energy,"energy, electricity, flow"
741,Gemfire,"atmosphere, aerospace"
3560,Jobandtalent,"labor, worker, company, office, reduction, employment, unemployment, jobandtalent"
25024,360-Logistics,"deliver, shipment, box"
21625,3rd-Eye-Studios,"movie, tv, game"
126,Joost,"platform, peer, livestation, server, internet, desktop, friend, widget, skype, browser, service, type, party, client, chat"
14040,NAVENTIK-GmbH,"sensor, system, software, security, solution"
22957,3TEMP-AB,"tool, knowledge, year, experience, quality, end, service"
22815,46elks,"number, telephony"
25010,4Subsea,"integrity, experience, expert, competence, forefront, subsea, way"
24698,A2O,"inquiry, process, concept, form"
25510,A3P-Biomedical,"prostate, cancer, protein, product, treatment, stage, blood"
25360,AAC-Microtec,"tool, sub, system, solution, debugger, customer, spacecraft, satellite, space, wire, power"
15383,Shoppero.com,"advertisment, impression"
155,Just-Eat,"round, team, vision, order, world, access, food, nerk, parent, quality, success, leader, series, restaurant, consumer, exposure, activity, variety, delivery, stream"
3602,Nature’s-Fynd,"fermentation, microbe"
24656,Aalbun-Ltd,"patent, innovators, innovation"
2867,Kaptivo,"conjunction, collaboration, meeting"
24423,Aapiable.io,"customer, need, system, pre, product, service, partner, time"
15785,Maniko-Nails,"chip, nail, manicure"
8,JustPark,"office, space, parking, car, app, service, driveway, hotels, park, location"
22116,Aava-Mobile,"platform, operator, device, equipment, user, service"
23702,abeo,"healthcare, anesthesiologist, service"
22624,Absolicon-Solar-Concentrator,"electricity, concentrators, conditioning, heat, energy, heating"
4683,Tracsis,"capture, control, range, cost, system, collection, datum, provision, technology, expert, recording, transport, service, camera, variety, equipment, manual"
9901,Episode-1,"entrepreneur, business, ventures, industry, investment, company, marketplace, partnership, capital, invest, fund, sector, financing, growth, venture, market, portfolio"
24246,Academica,"competency, business, infrastructure, core, employee, service, work, company"
22631,Acadia-Pharmaceuticals-Inc.,"psychosis, therapy, disease, disorder, pimavanserin, drug, treatment, schizophrenia"
455,Codat,"saas, business, institution, software, product, company"
21651,Acamp,"campground, camp"
3141,Pathee,"location, information, search"
9447,Genius-Sports,"sport, sporting, league"
23751,Acarix,"trade, venture, capital, development, shareholder, company"
22556,Accedo,"distribution, industry, world, office, broadcaster, focus, experience, manage, engagement, enterprise, freedom"
382,CoMentis,"neurovascular, macular"
10642,GeoSentric,"office, place, location, gypsii"
23648,Accelerace,"network, accelerator, scale, help, science, growth, seed"
28,8tracks-Radio,"track, love, song, playlist, music, mixtape, tune, radio"
21023,Acconeer,"microradar, sensor, device, position, mobile, location"
9922,Cylon-Controls,"energy, light, hvac"
6067,Speckle,"infrastructure, interoperability, software, collaboration, management, versioning, automation"
93,Common-Room,"impact, team, contribution, build, action, work, time, scale, value, user, outcome, cross, obtain, project, form, development, community"
22627,Accumulate,"merchant, voucher, payment, transaction, gift, loyalty, card, coupon, signature, offering"
10767,Get-Heli,"broker, marketplace, customer, price, booking, market, pricing"
23887,Acerta-Analytics,"rework, solution, precision, machine, datum, cause, root, quality, failure, scrap, defect"
3202,Cúram-Software,"customer, solution, military, service, security, health, cúram"
24057,Acquia,"platform, building, company, organization"
5969,AI-XPRT,"account, assurance, audit"
23745,Activity-Stream,"business, system, organization, infrastructure, stakeholder, pattern"
23837,Actiwave,"actiwave, acoustic, signal"
427,CruiseWise,"ship, simplicity, dip, cruise, partner, coast"
6769,Alasco,"availability, workflow, developer, productivity"
23252,Acumem,"success, benefit, performance"
22294,Adamant-Health,"disease, diagnostic, patient, symptom, medication, treatment"
4294,AllPlants,"plant, planet, vegan, people"
2752,Powr-of-You,"platform, brand, datum, provider, place, roi, consumer, market, revenue"
133,AllPeers,"speed, peer, folder, web, text, technology, file, source, extension, browser, software, image"
25307,Adapteva,"microprocessor, architecture, semiconductor, device, chip, multicore, supercomputer"
23515,ADCendo,"antibody, conjugate"
44,Kong,"platform, service, cloud, microservice"
477,doubleTwist,"withdrawal, firm, founder, capital, partner, venture, investor"
2274,Estateguru,"investment, estate, invest, property, investor"
22995,Addbutment-Dental,"implant, dentist, abutment"
23637,addwish,"benefit, promote, product, gift, friend, user, website, lead, family"
23459,Adenium-Biotech-ApS,"bacteremia, toxicology, antibiotic, infection, bacteria, utis, coli, aeruginosa, pathogen, lugworm, baumannii, cholangitis, diarrhea, peptide, hospital, species, pneumoniae, amino, pneumonia"
4,Elastic,"system, security, power, fund, mission, family, country"
13194,DIREVO-Industrial-Biotechnology,"platform, biocatalyst, chemical, leader, conjunction, product, solution"
4900,Aptatek-Biosciences,"biomarker, disease, diagnosis"
938,AppExtras,"brand, publisher, recommendation"
23712,Admazely,"platform, webshop, commerce, professional, company"
13195,Cardion,"stem, engineering, gene, cell"
154,Arthur,"industry, productivity, enterprise, partner, company"
171,Artimi,"speed, wireless, electronic, printer, adaptor, connectivity, controller"
401,Ascend,"customer, automate, purpose, distribution, carrier, distributor, commission"
21662,Adnavem,"owner, solution, company, trade, market, supplier, pricing"
22133,adQuota,"campaign, production, experience, advertising, display, advertisement, application"
22706,Adra-Software,"market, accounting, finance"
22664,ADS-TEC-Energy,"level, solution, vehicle, datum, system, storage, conversion, product, service, access"
23661,Advalight,"removal, rejuvenation, procedure, treatment, lesion"
22435,AdvanDx,"infection, pathogen, hospital"
850,Peppy,"fertility, menopause, pregnancy"
23619,AeroGuest,"hospitality, interface, industry, commerce"
491,Evolven-Software,"outage, stability, software, monitoring"
24700,Affibody,"image, capture, range, detection, diagnostic, robust, imaging, target"
536,Backbone,"console, pc, backbone, launch, controller"
15821,Opus-Safety,"audits, staff, train, management"
24952,Afresh,"business, order, wholesaler, item, company, margin, retailer, profitability, demand, supply, freshness, constraint, store, grocery, produce"
22992,Agency9,"visualisation, map"
5252,LabGenius,"platform, robotic, edge, machine, engine, company"
186,Factual,"team, datum, people, world, data"
1660,Banneya-London,"customer, demand, designer, craftsmanship, journey, jewellery"
10921,Magnax,"flux, e, value, market"
24523,Agente-Imovel-Inteligencia-de-Busca,"broker, owner, price, financing, seller, sell, market"
621,Base4,"analysis, edge, value, portfolio, art"
21597,Agilefant,"question, web, plan, scale, user, assignment, approach, gilefant, model, accuracy, study, method, source, project, todo, research, activity, term"
24050,Agile-Therapeutics,"specialty, woman, product, development, company"
25080,Agoprene,"furniture, fiber, foam, materialtech"
23858,agreement24-avtal24,"platform, document, version, web, technology, database, automation, cloud, software, application"
320,Foodily,"calorie, ingredient, chef, food, recipe, pie, refining"
174,Funding-Circle,"funding, lending, investor, finance"
288,Beam-Impact,"mission, app, tech, nonprofit, community"
494,Beauty-Pie,"accessory, buyer, beauty, supplier, product, candle, body, fragrance, factory, care, quality"
103,GenSight-Biologics,"therapy, degeneration, disease, condition, gene, patient, treatment"
24463,Agrieye,"farm, plant, fertilizer, soil, land, farmer, crop, drone"
21673,Agrikaab,"agriculture, agrifood, farmer"
22490,Agro-Intelligence,"platform, knowledge, distributor, advantage, industry, solution, company, founder, standard, machine, product, trend, producer, goal, ceo, market"
13201,Talea,"worry, life, stress, guilt, goal, care, quality"
211,HouseTrip,"office, wife, team, website, book, husband, list"
23729,Ahandyhand,"platform, skill, code, solution, engine, time, category, point, result, help, meeting, qualification, assistance, service, home, task, market, description, job, idea"
415,Big-Health,"therapeutic, medicine, sleep, disorder, health"
226,BioXell,"autoimmunity, disease"
109,Hutch,"team, racing, head, group, fun, nature, time, office, play, datum, experience, player, game, meet, place, service, community"
1256,Predina-Tech,"street, weather, intersection, location"
12,BitPay,"relationship, wallet, payment, gateway, transaction, sign, paymet, processing, integration"
23074,Ahum,"psychology, therapy, psychologist, director, therapist"
1826,BlockFrauds,"touchpoint, collection, datum, insight, software, learn, data, blockfraud"
22401,AiBA,toxicity
25040,Aibel,"completion, maintenance, decommission"
1693,Blokur,"platform, creator, mission, management, company, internet"
6163,BONESUPPORT,"bone, fracture, osteoporosis"
107,Blue-Bottle-Coffee,"roaster, coffee, cafe"
84,bonify,"customer, tool, vcs, recommendation, situation, datum, credit, company"
287,incident.io,"communication, solution, war, discussion, customer, user, incident"
24445,Aibidia,"focus, datum, shift, entry, management, transfer"
25277,Aico,"request, system, process, automation, manual"
59,BrightHire,"recruiter, team, candidate, role, recruiting"
4656,Brainomix,"doctor, patient, biomarker, physicians, treatment"
6,People.ai,"pipeline, campaign, opportunity, customer, feedback, drive, marketing, information, success, model, roi, service, marketer, revenue, enterprise, performance"
21858,Aid-One,"victim, situation, aid, emergency"
325,LaserComm,"network, communication, carrier, line, telephone, dispersion, service, field, voice"
25545,AI-Medical-Technology,"tool, dermalyser"
25468,AirForestry,"forestry, forest"
8416,CrowdJustice,"page, pledge, action, community"
23902,Airkit,"brand, asset, ship, customer, operation, datum, user, experience, optimize, voice, component, data"
6661,BullionVault,"platform, business, build, industry, history, company, startup, technology, start, client, software, development"
518,Kaggle,"aviation, scientist, problem, machine, result, technology, information, science, application, data"
22911,Airolit,"drone, airolit, research, technology"
2098,Gnergy,"efficiency, energy, emission, occupancy, cost"
24136,Airstone,"latency, network, datacenter"
550,JuiceBox-Games,"team, character, heroes, inspiration, mission"
1306,Capitall,"brand, money, fintech, financial, investment, wealth, income"
22581,Airtame,"signage, screen, device, wall"
23325,Airzyme,"biocatalyst, enzyme"
21737,Aito-Technologies,"customer, understand, relationship, context, leader, business, network, management, service"
475,King.com,"appeal, world, time, value, player, game, language, entertainment, games"
13500,vr-on,"cloud, enterprise, industry, application, reality, technology"
21718,Aivero,"machine, automation, service, robotic, human"
520,"Centrify-(now-Delinea,-Inc.)","access, identity, security, approach, perimeter, power, defend"
222,Certess,"tool, team, company, combination, product, chip, quality, engineer, respin, way"
23399,Akebia-Therapeutics,"ischemia, hypertriglyceridemia, anemia"
40,Chord,"business, entrepreneur, management, product, governance, commerce, service"
24155,Akkurate,"team, solution, self, bunch, battery"
25327,Aktivbo,"platform, company, customer, operation, aktivbo, improvement, support"
21763,Albacross,"web, platform, tool, generation, account, albacross, target, organization"
24298,Alba-Therapeutics,"autoimmunity, compound, biopharmaceutical, pharmaceutical"
131,Citymapper,"cities, city, choice, address, citymapper"
22810,Alertix,"tool, commercialize, discovery, tk, method, growth, research"
3583,Clarity-AI,"government, company, organization, office, management, analytic, sustainability"
331,CipherCloud,"protection, encryption, privacy, compliance, security, risk, prevention"
4629,Pollen---Social-Platform,"platform, publish, place, microblog"
24979,AlexisHR,"business, hr, datum, employee, management"
23543,Algiecel,"microalgae, fermentation, biomass, biogas, photobioreactor"
2996,GoSquared,"platform, customer, business, marketing, company, chat"
22534,Alight,"purchase, business, agreement, enterprise, company"
23439,Aligos-Therapeutics,"pipeline, strategy, company, experience, expertise, nash, leader, development"
17766,Kepler-Energy,"return, chain, turbine, access, velocity, unit, licence, scale, rotor, measurement, globe, instrumentation, power, supply, strength, resource, energy, phase"
414,Coalition,"tool, threat, attack, cyber, security, cybersecurity"
23193,Aline---Learn-Better,"knowledge, skill, professional, education, culture, angel, learner, validation, course"
116,Clinkle,"wallet, payment, transaction"
23511,Alios-BioPharma,"platform, agent, engineering, activator, viruse, product, interferon, technology, variety, activation"
517,Codecademy,"student, learner, skill, codecademy"
23759,Alkalon,"gum, nicotine, smoke, smoking"
146,Collibra,"platform, business, datum, transformation, data, collaborate, company"
354,Confluent,"pipeline, stream, source"
23292,All-Aboard,"planet, carbon, footprint, emission"
25636,All-Ears,"telemarketing, association, organization, job, people, company"
6926,GrandNanny,"training, school, childcare"
344,Cowboy,"rider, bike, peddle, saddle"
22388,Alligator-Bioscience,"pipeline, platform, iia, candidate, development, project, library, company"
316,Criteo,"growth, scale, datum, roi, ingenuity, performance"
134,Crowdpac,"platform, participation, support, change, use"
23427,AlloCure,"bone, injury, marrow, transplant, cell, kidney"
24773,ALPA-Kids,"nature, company, culture, learn, learning, researcher, content, example"
24807,Alpakka-Media,"animation, games, dvd, tv, cd"
25699,Alphagreen-Group,"brand, distribution, asset, marketplace, product, brands, demand, consumer, acquisition, sale"
22085,Alpha-Paw,"planet, cause, mission, product, life, problem"
21942,AlphaSense,"business, customer, market, institution, professional, enterprise, company"
57,Culture-Amp,"type, business, culture, hand, experience, opportunity, enterprise, technology"
27,Cutover,"platform, communication, visualization, infrastructure, datum, event, analyze, flow, data, performance"
24641,Alphaville,"business, construction, communication, industry, carbon, management, hotel"
22651,Alt,"store, sell, asset, card"
449,Deepnote,"project, team, datum, asset, time"
2658,Skin-+-Me,"cream, guidance, skin"
114,Datadog,"platform, server, downtime, database, monitor, cloud, datadog, application"
526,Digiquant,"business, operation, support, system, service, solution, bill"
23082,Altered,"upgrade, adaptor, education, socket, installation, liter, area, globe, retro, tech, increase, equipment"
231,DoubleDutch,"datum, meeting, event, information, integration, activity, conference, association, page, expos"
24285,Altimmune,"vaccine, intranasal, adenovirus"
22675,Aluwave,"design, system, lighting, technology"
381,Dimdim,"web, share, webcam, download, software, code, source, chat"
24253,Alvar-Pet,"packaging, supplier, chain, recipe, ingredient"
24421,Alvin,"control, team, cost, plug, challenge, people, company, co, privacy, datum, connection, saas"
23005,Amferia,"infection, bacteria, healthcare, wound"
347,Dubsmash,"movie, animation, videotape, clip, video, song, section, audio"
3625,Block-Renovation,"material, design, labor, construction, experience, process, architect, renovation, work, contractor"
25083,Ampa-Medical,"device, bag, usage, time"
423,eero,"eeros, eero, nook"
13949,Zype,"channel, infrastructure, tv, video"
21743,AnaCatum,"network, analog, sensor, provider, integration, signal"
7,Alkemics,"speed, platform, relationship, order, challenge, world, time, datum, product, experience, omnichannel, manufacturer, supply, process, face, error, way"
8084,Gryphon-Group-Holdings,"platform, system, subject, interface, infrastructure, capital, technology, intermediary, launch, insurtech, adviser, core"
123,Egalet,"opioid, tablet, drug, pharmaceutical"
23502,AnaptysBio,"disease, antibody, protein, antibodie"
24894,Anatomic-Studios,"design, personality, fashion, experience, style, quality"
24942,Anergis,"vaccine, dust, pollen"
25385,Animail,"pet, fish, toy, good, door, animal, bird, dog, e, reptile"
6066,Elucidate,"risk, rating"
3949,Magma-Global,"accelerate, pipe, flowline"
16930,Datatecnics,"system, customer, digitise, infrastructure, datum, ground, datatecnic, hardware, transform, client, delivery"
5367,Love-Home-Swap,"destination, holiday, travel"
233,Enfore,"business, tool, collection, world, use, solution, access, company, service, goal, field, level, efficiency, enterprise, playing"
22456,Anocca,"vaccination, immunology, immunotherapeutic, immunity"
10196,Outdoorsy,"peer, industry, opportunity, marketplace, complexity, experience, choice, market"
11,Everpix,"image, brand, share, photograph, picture, life, user, photo"
24405,Antas,"company, customer, support, supply, sector, service, partner, structure, market, management"
23359,Antourage,"antourage, tool, creator, mission, job, experience, world, company"
425,Expel,"alert, detection, compromise, attack, operation, security, ransomware, cryptojacke, investigation, step, threat"
87,Experiment,"platform, crowdfunding, category, service, computer, community"
10216,Prozo,"freight, business, company, warehousing, enterprise, fulfillment"
23874,AnyDesk,"help, usage, month, scenario, user, collaboration, world, access, hall"
13,Built-Technologies,"risk, compliance, experience"
13950,clipkit,"publisher, clipkit, library, content, website"
281,Fireblocks,"broker, exchange, store, otcs"
4648,Omega-Diagnostics,"reaction, distribution, distributor, production, company, food, product, marketing, analysis, country, consumer, research, development, subsidiary"
22597,Appfarm,"web, platform, tool, application, app, user, launch, cloud"
14,Flipboard,"news, magazine, medium, article"
485,Flutter-Entertainment,"gaming, multiples, world, sport, flutter, game, area, entertainment, party, country"
19565,Anú-Dairy,"agriculture, farming, welfare, farmer, soil"
21783,Appium-Technologies,"platform, business, head, deployment, opportunity, solution, company, office, standard, product, vendor, model, service, consumer, market, environment, component, application, enterprise"
165,Front,"customer, business, relationship, team, hub, visit, system, time"
405,Frengo,"phone, website, update, stream, service, user, people, game, community"
23278,AppJobs.com,"worker, workers, work, job"
9048,Melio,"business, customer, office, fintech, company, time"
22267,Applied-Petroleum-Technology,"staff, industry, oil, experience, service, production, company, quality"
52,Funxional-Therapeutics,"disease, pain, disorder, inhibitor, diabetes, treatment, prevention, stroke"
549,Genmab,"therapeutic, cancer, antibody, treatment"
25712,Apptimate,"datum, mashup, point, way, thing"
23468,Aquafortus,"salinity, inland, desalination, wastewater"
22486,AquaGreen,"sludge, biochar, wastewater, agriculture, plant, phosphorus, fertilizer"
387,Gojimo,"student, child, teacher, university"
299,Good-Eggs,"feed, food, staple, addition, wine, beer, grocer, meal, grocery, occasion"
6980,Xention,"bladder, disease, pain, drug, treatment"
22870,Aqua-Robur-Technologies,"pipeline, network, order, industry, mass, power, supply, water, leakage, level, state"
22825,Aqwary,"diving, diver, dive"
1501,Qogita,"brand, business, company, organization, category, retailer, trade, product"
25300,Arantech,"brand, customer, operator, device, provider, service, premier"
6443,HolidayFox,"discover, book, suggestion, kid"
334,Hipcamp,"accommodation, tent, campsite, camping"
6934,Intellisense,"system, customer, installation, product, email, support, service, website, training"
23869,Arcam,"powder, cleaner, trolley, vacuum, aerospace"
24159,ArcDia,"analysis, sample, result, test, laboratory"
23421,Arcellx,"therapy, immunotherapy, clinic, patient, treatment, medicine"
23749,Archii,"document, server, presentation, machine, technology, language, processing, colleague, computer"
23403,Archimedes-Pharma,"treat, relief, morphine, pain, patient"
4156,Hubs,"metal, machine, network, custom, service, access"
1253,HowCloud,"student, teacher, classroom"
10310,Fabrum,"design, research, construction, detail, purpose, facility, development, manufacturing, technology"
4979,Insurdata,"insurance, reinsurance, risk, pricing, portfolio"
21545,Arctic-Robotics,"drone, sensor, solution"
14922,Chipmetrics,"line, business, film, product, test, application"
25173,Arctic-Security,"abusesa, abuse, threat"
22473,Area9-Lyceum,"group, collaboration, centers, technology, migration, science, partner, activity"
207,Italic,"consumer, manufacturer, brand, customer"
208,iZettle,"banking, payment, chip, checkout, funding"
24296,Ariceum-Therapeutics,"antagonist, receptor, neuroendocrine, somatostatin"
25249,ARKK-Copenhagen,"brand, founder, launch"
19495,Ciphergrid,"use, access, ownership, datum, way"
24594,Arnergy,"business, operation, market, mission, product, client, service, use"
531,KarmaCheck,"verification, check, software"
13196,OroraTech,"nanosatellite, constellation, temperature"
6779,Dock,"infrastructure, technology, scalability, dock, innovation"
503,Kimotion-Technologies,"transistor, circuit, kimotion, analog"
25487,Artificial-Solutions,"platform, business, specialist, developer, channel, deployment, time, device, technology, ability, sector, touch, website, application"
24968,Arundo-Analytics,"stex, cost, accelerator, machine, program, model, cloud, software"
184,Kojo,"procurement, professional, vendor, contractor, construction, warehouse"
260,Lookout,"control, purpose, security, safeguard"
23785,Asante-Solutions,insulin
24783,Ascade,"chain, operator, operation, maintenance, support, operators, supply, automation, service, implementation, training"
1927,MasterClass,"writing, subject, masterclass"
3051,RazorSecure,"truck, car, network, bus, plane"
22613,AskCody,"collaboration, firm, people, organization, company, office, productivity, employee, scheduling, workplace, booking, headquarters, management"
216,Lehigh-Technologies,"tire, range, benefit, cost, good, customer, replace, tailor, service, consumer, s"
24999,Asolvi,"functionality, solution, customer, experience, provider, contract, service, issue, scalability, task, need, mission"
4055,Locate-Bio,"control, chronic, pain, product, drug, treatment, infection, company"
6832,Locus-Robotics,"consumer, retailer, warehouse, order, commerce, fulfillment"
130,LOVEFiLM,"member, members, player, support, subscription, basis, ray"
25294,Asqella,"camera, sensor, video"
22745,Asthmatuner,"asthma, spirometer"
10382,Styla.com,"content, design, fashion"
13197,EcoG,"value, monetizing, revenue"
121,Mediasurface,"business, company, marketing, manage, management, enterprise, subsidiary"
22207,Astralis,"team, sport, angel, world, player"
23948,Atium,"metal, chemical, water"
10401,OTHERWORLD,"pod, team, centre, people, celebrity, nomination"
3614,SODA,"platform, legitimacy, marketplace"
24100,Atomica-Corp,"solution, internet, therapy, time, problem, customer, itar, diagnostic, sensor, help, experience, approach, partner, development"
9752,Coomtech,"efficiency, combustion, energy, emission"
6708,Recommind,"search, categorization, information, source"
322,Menu-Next-Door,"food, chef, meal"
488,Metapack,"order, retailer, warehouse, delivery, management, enterprise"
71,Nasty-Gal,"platform, store, accessory, woman, clothing, shoe, school"
527,Nauto,"collision, road, vehicle, driver, drive"
24117,Atrenta,"electronic, semiconductor, chip, engineer"
5724,Nexeon,"lithium, ion, silicon, carbon"
32,Nexthink,"automation, leader, workplace, employee, management, enterprise, company"
466,Mimecast,"cost, user, email, subscription, way"
21,Wandera,"console, network, access, internet, cyber, security, connection, offer, cloud, way"
22966,Auddly,"platform, publisher, collaboration, workflow, hub, project, need, management"
24811,Augumenta,"hand, interaction, gesture"
24836,aumio,"exercise, concentration, yoga, meditation"
350,Mind-NRG,"treat, disease, disorder, schizophrenia"
24176,Aura-Financial,"loan, borrower, credit"
24013,Aurealis-Pharma,"business, model, research, cro, institution, strategy, collaboration, company"
13304,Inseptra-Systems,"packet, network, traffic, scale, networks"
9796,Aurelia-Turbines,"government, protection, team, strategy, world, company, reliability, compnt, program, product, expertise, technology, body, authority, class, right, application"
2746,Burst-Insights,"influencer, consumer, brand, demand"
7413,Healthcare-and-Services-Technology,"team, solution, difference, leader, end, cloud"
10442,Dfns,"infra, platform, frictionless, business, asset, developer, peace, company, office, regulation, commerce, enquiry, vulnerabilitie, manage, app, cloud, custody, city, class, mission, delivery, client, battle, site, waitlist, freedom, serenity"
419,Molecular-Partners,"therapeutic, medicine, disease, protein"
24261,Aurora-Propulsion-Technologies,"mass, planet, satellite, mission, orbit"
10446,Paladin,"decentralization, governance"
25269,Automic,"automate, automation, task"
266,Moleskine,"print, collection, distribute, office, product, stationery, demand, department, store, home, book, sale"
5851,Reward-Finance-Group,"situation, box, client, help, approach"
2240,Rightcharge,"charge, rightcharge, charger"
22124,Autotech-Ventures,"business, industry, firm, company, corporation, capital, manufacturer, corporations, capitalization, fundraising, venture, dealership, market, investor, logistic"
23508,Availity,"prescribing, medication, company, office, patient, appointment, laboratory, drug, delivery, pharmacy, physician"
21938,Aves-Netsec,"attack, security, attacker, cybersecurity"
10699,Helios-Towers-Africa,"telecom, tower, number, mobile"
4239,Fergus,"user, fergus, profit, notification"
303,Sanlo,"access, product, service, company"
23,TweetDeck,"view, desktop, client, device, user, service"
23206,AxCrypt,"history, internet, complexity, technology, information, tech"
23087,Axiomatics,"cloud, infrastructure, enterprise, solution"
24925,Babble,"remove, focus, product, friend, communication, problem, time"
24892,Bambuser,"broadcasting, platform, video, website, software, segment"
25565,Bamomas,"customer, battery, service, approach, solution"
25,The-Climate-Corporation-(Bayer-Crop-Science),"farming, farmer, saas"
21932,Bandwidth-and-Cloud-Services-Group,"premier, haul, provider, service, cloud"
2748,Seeker-Industries,"tool, collar, product, user, ecommerce, monitor, offering, website, software"
3479,SenseTime,"industry, strategy, world, company, customer, office, infrastructure, productivity, society, chip, technology, interconnection, generation, future, institutions, partner, growth, research, businesse, market, software, application, development, innovation"
5223,ofo,"flexibility, traveler, bike, distance, trip, commuter, destination, transportation, country, ride"
35,onefinestay,"accommodation, hospitality"
228,Optimizely,"platform, brand, tool, equip, experience, mission"
25396,BASIX-Sub-K-iTransactions,"sub, vision, bridge, access, solution, point, recruiting, distance, card, end, touch, basis, walk, areas, connectivity, segment, mobile, training"
2449,Ocyan,"banking, business, insurance, market, transaction"
25423,Bayn-Europe,"food, sugar, calorie, beverage, recipe, ingredient"
23489,BBI-Group,"success, performance, quality"
34,Tekion,"dealer, oem, dealership"
24390,BBS-Automation,"partner, customer, employee, provider, chip, solution"
2193,Genexa,"medicine, business, product, aisle, people, company"
24009,BCaster,"content, video, user"
21318,BCB-Medical,"quality, support, treatment, health, care"
24252,BC-Platforms,"platform, company, case, support, m, manage, jurisdiction, service, healthcare, market, law"
23307,Beatly,"platform, brand, ad, customer"
22335,Beat.no,"playlist, music, track, label, record, service, cabel"
91,Patreon,"patreon, membership, support, trademark, fund"
24216,Beddit,"detail, sheet, solution, company, device, technology, method, consumer, ballistocardiography, micro"
24763,BeED,"education, progress, learn"
24722,Beenova-AI,"corporate, basis, productivity, employee"
36,Netvibes,"datum, netvibe"
4083,GitGuardian,"credential, detection, cybersecurity, startup, code"
150,Starburst,"cost, investment, datum, value, analytic, data"
462,Peoplevox,"order, barcode, price, warehouse, management, inventory"
25615,Be-My-Eyes,"eye, vision, press, quest, product, connection, technology, suite, app, button, video"
10512,Upfront-Chromatography,"bioreactor, biotherapeutic, biomolecule"
39,Homebell,"business, company, customer, craftsman, service, partner, enterprise"
4343,Glycoscoredx,"prostate, disease, cancer, diagnosis, blood"
24914,BESE,"content, news"
22407,Besedo,"scammer, deliver, fraud, user, tailor"
24531,BestDoctor,"number, people, solution, customer, insurance, product, user, player, record, service, partner, client"
5177,Stuff-That-Works,"roadmap, research, insight, survey"
106,Pets-Deli,"brand, business, pet, chain, company, customer, product, deli, partner, store, offering, market, revenue"
5613,Surprise.com,"celebrate, accomplishment, milestone, purpose, goal"
25066,Better-Wealth,"money, deposit, account, fund, investor, investment"
2030,DrDoctor,"doctor, patient, appointment, information, hospital, healthcare, care"
23131,Big-Akwa,"fish, aquaculture, fishfarm"
23306,Billecta,"invoice, payment, money, payee, account"
1731,Tandem,"banking, bank"
25680,BioBag-International,"caddie, liner, bag, sack, waste"
41,NationBuilder,"leader, role, chairman"
22727,Biofrigas-AB,"plant, industry, production, biogas, agriculture, company, technology"
43,auxmoney,"consumer, risk, model, cost, credit"
24072,Biolex-Therapeutics,"treat, antibodie, biologic"
22524,Biomason,"tile, cement, concrete, masonry, clay"
24855,Biom'Up,"collagen, orthopaedic, biomaterial, bone, tissue"
10705,Supira-Medical,"incubator, facility, environment, path"
177,Pure-Storage,"server, desktop, storage, database, virtualization, cloud, analytic, application"
22827,Bioservo-Technologies,"muscle, result, product, device, technology"
1817,Wicrypt,"money, datum, megabyte, data"
1456,Thread,"stylist, styling, clothe"
45,Cockroach-Labs,"database, cockroachdb"
24394,Biovian,"facility, shop, development, process, manufacturing, production, contract"
512,Qt-Software,"platform, requirement, electronic, system, operating, office, desktop, device, user, maintenance, support, service, entertainment, consumer, client"
25560,Biowater-Technology,"design, technology, generation, project, treatment, engineer"
21896,Bipi,"consumer, car, ownership, book, user, access, quality"
25657,BitLog,"operation, chain, pillar, logistic"
385,Reap,"platform, tool, office, product, software"
540,RevenueCat,"platform, business, subscription, build, product, app, user"
22258,Bitreactive,"sensor, meter, integration, logistic"
24615,Bitrise,"automation, integration, workflow, step, process"
46,ERPLY,"range, card, booking, store, market, warehouse, shop, inventory"
1571,MOO.COM,"print, photo, design, content, image, country"
25453,BizBot,shareholde
23645,Blazar-Capital,"brand, entrepreneur, angel, ceos, leadership, builder, expertise, partner, company"
22571,BlueCall,"empowerment, wellness, self"
22780,Bluetest,"network, system, throughput, systems, antennas, chamber"
22113,Blyk,"blyk, phone, text, message, engagement, format, mobile"
218,RPX-Corporation,"promise, member, provider, approach, service, client, portfolio, pcs"
23711,bmetric,"brand, cost, customer, share, insurance, flagship, lion, consumer, sale"
6112,Upptalk,"group, video, user, friend, contact"
24317,bMobilized,"business, team, advantage, network, opportunity, company, pioneer, time, customer, provider, retention, services, service, state, market, foundation, agency"
23788,Boatflex,"platform, peer, cost, network, ownership, members, price, create, mission"
21904,Boatsetter,"boat, marine, vessel, captain, water"
25648,BoFood,"bofood, soy, flavour, food, dairy, taint, dessert, taste, health"
1624,HotelRunner,"business, accommodation, promotion, distribution, desk, center, travel, contracting, commission, operation, manager, booking, service, engagement, acquisition, division, management, agency"
24516,Bokadirekt,"reservation, booking"
22913,Boka-konferens,"office, conference, book, space, room, booking"
22354,Bolånegruppen,"loan, mortgage, bank, interest"
22926,Bomill-AB,"airport, agent, distributor, industry, company, organization, office, town, technology, sector, market, kernel"
21987,Bookboon,"website, book, subject, textbook"
1509,VOI-Technology,"transportation, scooter, mobility, commute"
7802,Believer-Meats,"biologist, bioengineers, biotechnology"
22246,Boostcom,"owner, centre, industry, world, company, customer, office, product, loyalty, advertising, position, venture, market, location"
25103,BOOST-Pharma,"mesenchymal, bone"
21700,BOOST-Thyroid,"disease, patient, health, healthcare"
23060,Bower,"brand, packaging, package, plastic, recycle, recycling, bag"
22366,Boxgard,"safekeepe, order, opportunity, world, company, customer, self, boxgard, leader, headache, service, goal, partner, home, job"
22985,Branäsgruppen,"cost, boost, time, resort, ski, slope, charge"
21633,BrandBastion,"brand, advertiser, choice, premium"
21909,BrandHouse-Holding,"consumer, suite, brand, business, retailer, sme, market, product, shop"
22156,Brayfoil-Technologies,"pilot, turbine, bird, force, wing, flight, wind"
23059,Aim-Sweden,"design, flexibility, printing, structure, application"
24184,Bread,"merchant, company, retailer, consumer, sale"
5413,Eatron-Technologies,"business, industry, oem, vehicle, supplier"
22037,Bricknode,"platform, office, interface, operation, experience, security, capability, core, act, labelling, software"
15611,Molab,"patient, drug, chemistry, people, toxicity"
483,NGINX,"application, code, project, solution, technology"
482,Sezmi-Corporation,"platform, company, internet, infrastructure, technology, demand, programming, strength, service, executive, management"
21880,Budbee,"customer, information, delivery, shop, queue, service, chatting, logistic"
22459,Buddy-Healthcare,"journey, attention, questionnaire, period, information, visibility, coordination, recovery, task"
9367,Lofty,"apartment, city, furniture, rent, storage, space, neighboring"
6577,Novacta-Biosystems,"business, team, knowledge, model, effort, engineering, service"
23267,BuildX,"company, sector, contractor, construction"
15395,twidox,"document, articles, text, archive, paper, enable, dissertation"
3941,One-Media-IP-Group,"content, outlet, exploitation, distribution, product, advertising, word, game, company"
431,OpTier,"business, enterprise, customer, market, application, transaction, provider, production, cloud"
23239,Bumbee-Labs,"phone, system, network, dashboard, number, collection, company, time, customer, model, method, prediction, level, approval, signal, account, data"
23842,Burt-Corporation,"industry, company, attention, product, technology, advertising, growth, marketer, analyst"
5732,Oxagen,"arthritis, psoriasis, disease, bowel, drug, treatment"
10414,Image-Metrics,"control, patent, laptop, scientist, company, tablet, element, self, year, device, technology, smartphone, sdks, consumer, camera, computer"
21754,BYON8,"team, industry, developer, capitalist, company, co, supporter, office, aim, members, demand, partner, venture, university"
25133,Bytbil.com,"outlet, customer, dealer, mission, service, marketplace"
7120,Impact-Biomedicines,"myelofibrosis, polycythemia"
25504,ByteActive,"cost, chain, bit, people, customer, datum, partner, level, de"
22077,Cabana,"peace, desk, plan, sleep, pit, bed, element, storage, space, experience, bathroom, amenity, van, mind, room, hotel, book"
24543,Cabforce,"hire, mission, agony, door"
24428,Cachet,"platform, economy, marketplace"
24560,Cajo-Technologies,"material, product, software, process, production, marking, solution"
24948,CALA,"customer, purchase, addition, post, product, experience, service, partner, class, mission, way, fulfillment, logistic"
23889,CallDesk,"platform, customer, client, enterprise, service, crm"
696,Phorm,"office, personalization, advertising, provider, service, solution, company"
10571,Impression-Technologies,"customer, partner, support, need, transform, facility, house, service"
9958,Index-Stock-Imagery,"artist, photograph, illustration, source, image"
22016,Calmark-Sweden-AB,"lactate, enzyme"
24065,Cambio+-Healthcare-Systems,"solutions, support, life, goal, care"
4845,automaited,"workflow, software, process, automation"
25592,Campadre,"member, campaign, staff, club"
12047,Marondo-Capital,"partnership, material, healthcare, market, industry, investment, experience, marketing, company"
8775,Industrial-Origami,"sub, network, license, company, customer, simplifie, product, contract, service, partner"
23929,Canary,"impact, grant, access, ability, research, formation, influence, way, policy"
198,Rakuten-Americas,"store, retailer, buy, pickup, location, inventory"
594,InfoGear-Technology,asic
78,Rebtel,"communication, problem, banking, disruption, technology, money, transfer"
418,Respond.com,"consumer, business, market, marketplace"
23996,Canatu,"electronic, network, heater, kind, design, interface, sensor, device, switch, touch, film, innovation"
25410,Candidator-AB,"levels, customer, relationship, term, telephony, service, solution"
13991,Marvel-Fusion,"energy, power, environment, reactor, fusion"
372,Shopmonkey,"sheet, question, company, customer, inspection, user, appointment, person, email, repair, shop, management"
22574,Capcito,"business, invoice, bank, capital, accounting, provider, application"
21844,Capeesh,"industry, job, mother, department, company"
496,RetentionForce,"review, repeat, collection, work, use, solution, customer, plan, feedback, loyalty, feature, state, client"
173,RightScale,"solution, access, unit, customer, usage, line, service, cloud, delivery, application"
120,Robinhood,"cryptocurrencies, robinhood, brokerage, etfs, cryptocurrency"
21993,Capitainer,"technology, comfort, healthcare, patient, blood"
1492,muse.ai,"upload, audience, audio, video"
22095,CAPNIA,"disease, acute, migraine, condition, symptom, treatment"
82,Secret-Escapes,"holiday, room, booking, hotel, luxury, hotels"
188,SecureWave,"control, system, network, solution, provider, monitor, endpoint, service, software, application"
456,SESO,"labor, worker, workers, opportunity, agriculture, marketplace, farm, employer, employment, shortage, service, management, training, workforce"
7905,InforSense,"platform, insight, asset, document, communication, solution, good, datum, specimen, addition, product, patient, risk, throughput, information, cohort, researcher, generation, edition, credit, source, consumer, research, core, environment, intelligence, data, explore, identification"
23573,Capturi,"recognition, speech, language, class, conversation"
5051,Skuad,"hr, admin, payroll, employment"
24125,Carbo-Culture,"material, soil, biomaterial, carbon, biocarbon"
24501,Carbonwave,"seaweed, sequestration, pollution, climate, ecosystem, economy"
24343,CardioMech,"surgeon, surgery, regurgitation, placement, valve, prolapse, heart"
4022,Shuropody,"footcare, footwear, foot"
25324,Cardior-Pharmaceuticals,"therapeutic, prevention, inhibitor, disease, death, treatment, injury"
15430,matched.io,"career, team, hire, job, developer, company"
215,Silverfin,"accountant, accounting"
94,SourceLabs,"support, subscription, set, upgrade, maintenance, provider, service, community"
7279,InLive-Interactive,"interaction, partnership, technology, television, content"
407,Squarespace,"platform, build, design, touchpoint, presence, suite, country"
30,Standard-Treasury,"banking, bank, transaction, transfer"
53,Stardoll,"brand, collection, design, approach, accessory, audience, likeness, variety, site"
13632,MaRVis-Medical,"procedure, benefit, intervention, treatment"
3017,Quit-Genius,"addiction, alcohol, nicotine, device, medication, health"
23705,Cardlay,"benefit, expense, currency, integrate, payment, transaction, accounting, account"
104,StorSimple,"protection, storage, solution"
6751,Sunfire,"electricity, fuel, gas, heat, generator, energy, e, oil, oxide"
22427,CareChain,"network, infrastructure, technology, ecosystem, deploy, automation, establishment"
3448,Tessera-Therapeutics,"efficacy, therapy, disease, health, clinician, medicine"
433,Temporal-Technologies,"software, application, user, computer, technology"
2865,Symetrica,"system, security, identification, detection"
22393,CAREMAKER,"organization, memorial, fundraise, fundraiser, event, ceo, charity"
23281,Care-to-Translate,"provider, tool, sector, effort, cost, migration, communication, professional, service, problem"
22908,CargoBeacon,"timestamp, support, datum, order, device, event"
64,topi,"platform, business, access, customer, insurance, m, refinance, subscription, click, management"
22197,Carmel-Pharma,"manufacture, system, people, product, device, quality, drug, pharmacy, life"
25494,Caromba,"consumer, price, market, shop"
98,Trustpilot,"review, share, feedback"
95,Soluto,"protection, insight, action, alert, problem, time, remedy, support, report, save, service, issue, premier, frustration"
13198,Resourcify,"recycler, recycle, waste"
4607,Innovify,"business, entrepreneur, company, organization, infrastructure, expertise, fund, innovation, headquarters, niche, market, development, management, potential"
20963,Cascadian-Therapeutics,"tucatinib, addition, kadcyla, tyrosine, novel, antibodie"
3364,Unbxd,"platform, conversion, company, machine, datum, product, result, user, volume, e, sale"
22243,Catchatrade,"professional, seafood, community, company"
23607,Catglobe,"work, access, product, resource, service, partner, client"
23665,Catinet,"particle, carpet, dust, spin, pack, clean"
5125,VERSATILE,"capture, crane, hook"
100,VirtualLogix,"consult, operating, office, training, program, virtualization, software, application, multimedia, eclipse"
24448,Causalus,"reaction, document, action, process, transparency, expenditure, software"
58,Spendesk,"brands, team, member, leader, community, time"
24328,Cavai,"cookie, product, experience, help, company"
24262,Cavitar,"illumination, brightness, lighting, component, diode"
6829,WatchMeGrow,"camera, videos, video, user"
3885,Uform,"chain, shop, portfolio, companies, company"
3781,XCD-HR,"hr, business, team, visionary, talent, firm, work"
6968,YakCloud,"telephone, phone, voicemail, number"
24084,Cayenne-Medical,"shoulder, hamstring, sport, knee, tissue, cruciate, ligament"
24041,CBTec-Oy,"student, educator, coach, trainer, education, teacher, classroom, college, board"
23567,CCURE,"ward, filling, vial, pharmaceutical, injection, ampoule, syrinx, syringe"
23218,CE-Check,"certification, requirement, reliability, test, testing, scalability, subscription, performance"
24856,Celladon,"enzyme, cycling, muscle, calcium, therapie, heart"
89,Supersolid,"character, team, feature, veterans, game"
203,Bird,"platform, city, community"
25609,Centiglobe,"exchange, payment, blockchain, transaction"
13199,voiio,"benefit, welfare, core, health"
23772,Cercare-Medical,"effect, stroke, mismatch"
47,Upserve,"work, company, restaurateur, employee, guest, staff, assistant, workforce"
23563,Cerebriu,"solution, company, quality, process, efficiency, decision, finding, acquisition"
24106,Ceregene,"disease, disorder, treatment, sclerosis"
23778,Certainly,"business, salesperson, specialist, company, customer"
8545,Nykaa,"content, platform, brand, customer, video, product, delivery, service, helpline"
22602,CERTEGO,"protection, installation, security, presence, ensure"
25199,Cervi,"refrigeration, energy, ventilation, air"
20798,Denwa-Communications,"brand, business, operate, company, customer, telephone, downtime, staff, service, client, house, data, sale"
3987,SDL-Group,"surveying, service, management, expertise, agency"
10115,Intercytex-Group,"platform, company, program, product, technology, trial, commercialization, biotechnology, cell, research, development, stage"
24315,CFEngine,"compliance, availability, security, provision, resource, application"
23236,Cgrain,"milling, farm, grain, farmer, seed, cereal"
124,Etsy,"tool, clothing, item, category, product, accessory, smartphone, application"
51,Zendesk,"platform, customer, empower, product, software, service, use"
22531,CGTrader,"platform, printing, architecture, design, animation, complexity, experience, model, designer, content, enable, custom"
24281,ChemoCentryx,"therapeutic, chemokine, disease, cancer, chemo, medication"
23797,Cherryz,"accessory, product, item, tech, company, marketplace"
24472,CHOOOSE,climate
432,7TM-Pharma,"asthma, focus, bowel, inflammatory"
23408,Chr.-Hansen,"ingredient, supplement, probiotic, confectionery, pharmaceutical"
20,Acutus-Medical,"chaos, pattern, heart"
29,Adyen,"payment, merchant, settlement, sale"
83,Alan,"healthcare, insurance, health"
505,AlertMe,"platform, mass, device, devices, app, appliance"
24674,Ciegus,"information, day, safety, health, service, patient, care"
21953,Cimon-Medical,"ultrasound, operator, transducer, tissue, beam"
105,Anine-Bing,"flagship, downtown, director, headquarters, store, boutique"
292,ApplyBoard,"platform, team, search, journey, work, diversity, company, partnership, office, simplifie, recruitment, downtown, partner, headquarters, country"
62,ArtBinder,"presentation, gallery"
61,AttackIQ,"adversary, attack, operator, security, validation"
23687,Cint,"respondent, insight, cint, survey, consumer"
24066,ClairMail,"platform, enrollment, channel, web, customer, carrier, device, provider, technology, service, capability, institution, application, mobile"
73,Beam-Express,"wavelength, spectrometry"
9028,Invenia,"platform, grid, system, use, transmission, frequency, recognition, machine, datum, model, recommendation, pattern, market, data"
23476,Clario,"evidence, expertise, trial, expert"
23840,Clavister,"ticker, business, order, asset, company, stock, exchange, symbol, portfolio, enterprise"
24511,ClevAir,"energy, consumption, emission"
42,Big-Switch-Networks,"world, datum, visibility, country, cloud, environment, community"
273,Viagogo,"commission, marketplace, purchase, price, buyer, charge, user, craigslist, competitor, service, seller, reseller, look, site, trust"
149,Bloom-&-Wild,"bouquet, gift, flower, delivery"
23918,Clever-Compliance,"certification, business, compliance, advisor, management"
6713,Next-Performance,"time, message, ad, remove, datum, marketing, think, advertising, client, idea"
24551,Clinical-Research-Services-Turku,"specialist, industry, thank, customer, expertise, contract, consultant, client"
22848,Clipsource,"press, instance, time, screen, datum, date, room, entertainment, content, clip, video, film, trailer, medium, way, contact"
24961,Clockwork-Logistics-Systems,"integration, interface, instrumentation"
22080,CloudApp,"platform, share, team, business, translation"
323,cargo.one,"airline, freight, business, cargo, air, channel"
156,Ciao,"consumer, shopping, retailer, market"
22725,CloudMe,"encryption, use, folder, storage, drive, file, sync, content, need, data, mobile"
499,Clipboard,"tool, haul, clip, mission, goal"
329,Wealthfront,"company, product, software, client, app, professional"
24231,Clutch,"racket, coach, mission, fan, bunch, world, player, sport"
6472,Dataiku,"business, team, opportunity, company, customer, machine, datum, learn, expert, practice, management, enterprise, roadblock"
412,Zesty,"catering, dietitians, dinner, restaurant, nutrition, breakfast, meal, cuisine, caterer"
416,Zuora,"cash, billing, subscription, revenue"
22819,Codemill,"company, employee, consultancy, consultant, partner"
22760,Coderr,"platform, tool, code, world, malfunctioning, product, quality, service, cloud, efficiency, application"
3738,Exscientia,"repository, company, discovery, time, design, datum, result, test, approach, information, researcher, hand, endeavor, project, hunter, practice, development"
7640,Invisible-Worlds,"business, enterprise, infrastructure, exchange, interoperability, management, company"
8980,IPV,"news, sport, broadcast, provider, series, content"
10625,Bettr,"platform, team, people, co, product, human, angel, veteran, core, youth, community"
23886,CodeSandbox,"platform, share, m, ideation, product, launch, source, project"
23590,CodeSealer,"firewall, security"
15976,Destiny-Changers-Education-Group,"education, program, teacher, learner, study, school, tutor, teaching, teach, lecturer"
9509,IRT-Surveys,"plan, focus, loss, software, image, service"
9072,IXI-Mobile,"instant, server, solution, operator, device, provider, support, launch, service, party, games, voice, application, data"
217,Futurelytics,"action, leverage, approach, mining, behavior, e, step"
22138,Colego,"requirement, detail, search, function, work, category, generation, process, service, auto, task, term, application"
22423,Colivia,"personnel, sector, staff, shortage, staffing, job"
21594,CollectiveCrunch,"forestry, carbon, forest"
25225,Collective-Minds-Radiology,radiology
23008,Coloreel,"embroidery, knitting, sewing, weaving, textile"
8414,Dexory,"dispatch, unlock, collection, access, track, dexory, warehouse, measure"
7093,Tabled,"legaltechology, document"
23895,Colossi-Games,"gameplay, games, audience, experience, genre, game"
7101,Rivus-Pharmaceuticals,"cardio, metabolic"
22806,Comai-AB,"impairment, communication, cognition"
10009,Joint-Academy,"therapist, surgery, patient, treatment"
24627,Commerce-Guys,"expert, knowledge, creator, industry, expertise"
24194,Commsignia,"stack, line, system, implementation, security"
22251,CompBuoy,"underwater, water, pressure, buoyancy, buoy, density"
24200,Comptek-Solutions,"electronic, oxidation, material, semiconductor, laser, passivation, device, technology, optoelectronic, power, quantum, phase, detector"
24083,Conductor,"platform, traffic, topic, creation, technology, seo, content, phase, guide"
49,Aurora,"passenger, vehicle, truck"
22108,Conformiq,"level, tool, model, software"
21960,Conoptica,"metal, tool, control, system, access, sensor, personnel, support, service"
5745,Amarin,"lipid, triglyceride, dyslipidemia"
14243,Avesta-Technologies,"time, internet, availability, infrastructure, user, technology, information, resource, software, performance"
50,STEM,"system, code, music, game, app, kit, step, way"
25318,Convion,"fuel, power, efficiency, energy, oxide"
23838,Coresonic,"wireless, semiconductor, silicon, baseband"
2266,Killing-Kittens,"woman, girl, gentleman, couple"
1970,Aparito,"process, video, assessment, trial"
55,Kry,"healthcare, patient, health"
23670,Cornershop,"grocery, delivery, injection, transaction"
22512,CorPower-Ocean,"ton, wave, wind"
2056,Delve,"lifestyle, climate, choice, people"
23432,Corwave,"speed, wireless, size, system, disc, heart, rotor, incorporation, wave, power, energy, consumption, lvad"
22262,CrayoNano,"component, water, purification, solution"
21550,Creabilis,"disorder, skin, psoriasis, dermatology"
6268,Volume,"merchant, payment, transaction, card, checkout, password, volume, fee"
24483,Crop2Cash,"bank, fund, capital, financing"
24576,CrossBoundary,"electricity, renewable, fence, diesel, energy"
7886,Kiryana-Services,"customer, qr, merchant"
7309,Observe-Technologies,"farm, aquaculture, farmer"
24342,Cryogenetics,"fish, aquaculture"
23248,Cuptronic,"operation, technology, deposition, pattern, method, process, definition, chemical, development"
7319,Jarvi-Games,"aspire, device, mobile"
4814,Sqore,"hire, company, ad, interview, candidate, job"
7329,Beryllium,beryllium
24150,CurifyLabs,"team, group, patient, formulation, outcome, compounding, drug, treatment, goal, medicine, pharmacy"
25483,Curity,"authorization, identity, security, authentication"
10499,Netmania,"journey, standard, churn, experience"
25371,Curl,"platform, version, server, web, machine, desktop, client"
6550,Integrated-Diagnostics,"pipeline, view, plan, leverage, game, mission, concept, marker"
7375,HealthAtom,"healthcare, patient, service, solution"
13767,fruux,"carddav, calendar"
66,Science-Exchange,"compliance, security"
7400,Trik,"drone, plan, management, trik, change, maintenance, advance"
7842,Delivery-Club,"city, restaurant, market, application, service, company"
7419,SCM-World,"research, practitioner, industry, performance, community"
7462,Caraway-Therapeutics,"disease, mitophagy, impairment, treatment"
7454,Nitrase-Therapeutics,"disease, class, drug"
67,Skyport-Systems,"hardware, virtualization, software"
8453,Knock-Knock,"team, maker, specialist, industry, developer, ship, studio, user, contributor, folk, failure, store"
24222,Custimy.io,"platform, validate, business, digitalization, team, tool, campaign, acronym, purpose, media, journey, communication, newsletter, company, customer, complexity, product, analyse, marketing, retention, place, service, resource, analytic, mission, software, development, innovation"
68,Scale-AI,"team, company, robotic, machine, self, model, drone"
15612,Logistikbude,"web, type, load, carrier"
70,Humu,"manager, machine, company"
24018,Cyberlightning-Ltd.,"network, internet, traffic, infrastructure, device, provider, area, vendor, service"
24857,Cydan,"relationship, identify, datum, record, drug, process, orphan, de, path"
24336,Cyviz,"visualization, performance"
25411,Dafo-Brand,"system, world, solution, customer, line, fire, rescue"
13743,Authentic-Vision,"brand, patent, company"
13202,Open-Bionics,"limb, arm"
7584,FeeLYX,"partnering, business, investor, credit, lender"
3599,Hexagon-Bio,"molecule, generation, science, biology, fungal, engineer, inspiration, biotech"
22791,DanAds,"brand, publisher, ad, advertiser, label, advertising, transparency"
22584,Data-Gumbo,"platform, cash, customer, combination, operation, payment, transaction, contract, vendor, level, ledger, apis, supplier, mission, client"
7616,TechMet,"metal, interest, asset"
15244,Valence-Security,"speed, chain, share, remediation, standard, datum, user, misconfiguration, identity, supply"
7656,Lavastorm,"business, preparation, solution, approach, governance, process, automation, application, enterprise"
23589,Dawn-Health,"specialist, therapy, science, intervention, healthcare, life, health"
24562,Dazzboard,"photo, videos, video, pictures, upload"
25625,DB-Pro,"offer, datum, optimization, software, environment, project, planning"
23851,DbVis-Software,"platform, tool, function, discount, customer, interface, product, word, database, feature, service, need, software"
737,Digital-Asset,"business, developer, company, organization, insurance, provider, service, silos, ledger"
17282,Micaton-Ergonomics,"partner, manufacture, job, quality, product, self, innovation, country, company"
24844,DBV-Technologies,"allergy, immunotherapy, pediatrician, patient, skin, treatment"
7698,Rotageek,"schedule, scheduling, demand, client"
21666,DealDash,"brand, distribution, wholesaler, quality, shopper, brands, suppliers, supplier, warehouse, inventory"
25226,Debricked,"vulnerability, security, risk"
21315,Denator,"fluid, scientist, tissue"
7721,Spades,"checkout, dine, restaurant"
25314,De-Novo-Foodlabs,"business, industry, collaboration, world, company, product, provider, model, audience, population, forefront, innovation, field, consumer, partnering, healthcare, research, development, biotech, sustainability"
