,id,name,cb_description,industry1,score1,industry2,score2,industry3,score3
0,1820,0xKYC,modular knowledge system identity credential management reimagine create knowledge proof zkps prove ofac sanction year age know fraud wallet list,Web3,0.853,InsurTech,0.844,DeFi,0.835
1,3640,10X-Genomics,genomic create revolutionary dna sequence technology help researcher well identify subtle variation overlook technology shre biological sample tiny fragment sequence short stretch computer assemble genome,Genomics,0.878,Longevity,0.83,BioTech,0.816
2,9594,111Skin,commit positive luxury skincare push boundary technological change establish sustainable philanthropic female lead future skincare addition source ethical material cut edge ingredient,Social Impact,0.834,Fashion,0.828,Circular Economy,0.802
3,473,1stdibs,internet company offer marketplace rare desirable object furniture fashion fine art jewelry feature online base platform connect respected dealer maker sophisticated collector share pursuit beautiful design,Creator Economy,0.87,Fashion,0.84,E-commerce,0.838
4,7956,1v1Me,application allow user play match favorite video game cash community meet play member company found base new york,Creator Economy,0.858,Esports,0.842,Social Networks,0.827
5,9457,21sportsgroup,online sport good retailer offer selection running shoe bicycle apparel accessory amateur athlete runner cyclist triathlete right professional athlete market range sporting good mainly area outdoor action run cycling triathlon sport combine e commerce retail business reduce gap online offline retail service product company available immediate shipping found jrg mayer based mannheim baden wurttemberg,Retail,0.78,E-commerce,0.763,Mobile,0.76
6,917,24Symbols,solution read digital book read device internet connection allow read read device internet conection ereader smartphone ipad laptop,IoT,0.869,Connected Life,0.866,Connected Home,0.862
7,5470,2GIS,international technology company develop service comfortable life city mission help people live city expensive company russian internet accord forbes main product company city information service bring map navigator business directory monthly active user service cover city country available free mobile application io android,Mobile,0.817,Creator Economy,0.813,Connected Life,0.802
8,5958,352-Medical-Group,local organisation trust healthcare professional clinic hospital provide excellence choice diagnosis education treatment health need mission world class provider healthcare solution put patient forefront aim group preferred choice patient healthcare professional,Healthcare,0.833,Health Tech,0.817,MedTech,0.807
9,4004,365-Response,response unique software service organisation different create solution directly respond specific challenge collaborate client multiple sector understand detailed requirement identify gap accordingly implement solution response team unique combination fast pace innovative approach establish system unparalleled industry experience proud solution help client achieve improved service level significant cost saving,Productivity,0.78,Platforms,0.775,Cloud Computing,0.764
10,5635,365Scores,cross platform application enable user create personalized sport channel individual live score news form media channel video highlight statistic fixture standing tweet cover major sport platform available language,Creator Economy,0.823,Social Networks,0.803,Business Intelligence,0.802
11,4797,3Box,storage simple secure private design app store data user lighter trustworthy enjoy reduce datum management liability,Data Storage,0.893,Cloud Computing,0.883,Edge Computing,0.873
12,8364,3D-Robotics,make advanced drone technology easily accessible construction mining surveying industry use datum analysis help user land mapping site scan service collect accurate aerial datum jobsite turn urn drone photo map model point cloud provide comprehensive onboarde ongoing support enable client batter informed decision relate construction site found headquartered berkeley california,Business Intelligence,0.827,Analytics,0.814,Big Data,0.786
13,3918,3sun-Group,limited subsidiary provide hydraulic control instrumentation product service oil gas sector worldwide furthermore offer skilled technician installation servicing wind turbine offshore application onsite testing inspection service oil gas renewable asset technical vocational training service united kingdom europe limited found base great yarmouth united kingdom,Industrial Tech,0.774,Logistics,0.77,Industrial IoT,0.769
14,1767,40-Partners-Ltd,produce talent broadcaster brand short form feature length studio go bit different hopefully game changer talent stay touch course year,Creator Economy,0.796,Entertainment,0.774,EdTech,0.764
15,1351,42Lab,modular portable affordable biotech laboratory student science technology engineering mathematic stem education require oecd country school struggle introduce biotechnology student high equipment cost troublesome experiment preparation solve problem provide portable modular biotech equipment student conduct experiment companion app serve electronic manual student management tool teacher vision bring biotech experience student like raspberry pi computer science,EdTech,0.815,Future of Work,0.773,Longevity,0.771
16,8307,4-Antibody-AG,antibody ag develop human antibody drug discovery platform generate antibody therapeutic focus immuno oncology technology platform retrocyte display design generate therapeutic antibody drug candidate incorporate human antibody library express mammalian b lineage lymphocyte company develop preclinical checkpoint antibody program target gitr antibody ag found base basel switzerland,Genomics,0.798,BioTech,0.782,Psychedelics,0.741
17,6524,5Mins,s gamified learn platform design help employee improve skill curate short form video content lead creator world make available team business adaptive gamifie learn engine,EdTech,0.886,Analytics,0.873,Future of Work,0.864
18,1504,7bridges,smart logistic platform deliver visibility control logistic process unify data operation enable access global supplier ecosystem world class sustainable logistic operation rapidly achievable reality platform realize future proof sustainable logistic scalable competitive profit growth drive edge,Analytics,0.832,Blockchain,0.817,Cloud Computing,0.816
19,4084,7digital,global leader end end digital music solution core business provision robust scalable technical infrastructure extensive global music right create music streaming radio service diverse range customer include consumer brand mobile carrier broadcaster automotive system record label retailer offer radio production music curation service editorial strategy content management expertise,Platforms,0.844,Creator Economy,0.825,Mobile,0.823
20,432,7TM-Pharma,pharma biotech company discover develop drug primary therapeutic focus diabetes gastrointestinal metabolic asthma vascular disease company offer transmembrane span receptor include small molecule receptor antagonist npy selective agonist gastrointestinal disorder short bowel syndrome antagonist oral drug inflammatory respiratory disease pharma found base lyngby hovedstaden,Psychedelics,0.767,Genomics,0.734,Gut Microbiome,0.717
21,3403,8fit,app help build healthy habit life simple solution support user worldwide individual journey healthier happy life push progress perfection choose good solution quick fix enjoy journey healthiest mind body understand obstacle people face fitness journey not easy s size fit way find lifelong health s building engage approachable way people achieve personal fitness goal,Happiness & Wellbeing,0.745,Social Networks,0.725,EdTech,0.722
22,28,8tracks-Radio,internet radio social network streams user curate song playlist contain track handcraft internet radio network social alternative pandora listener tune online mixtape track curate people know love music stream legal radio style manner,Creator Economy,0.819,Social Networks,0.796,Mobile,0.753
23,1382,AarogyaAI,aarogyaai artificial intelligence base software service diagnose drug resistant tuberculosis aarogyaai use dna sequence patient upload machine learn algorithm give output report comprehensive drug susceptibility status patient,Analytics,0.806,Business Intelligence,0.802,Genomics,0.8
24,5266,Abacum,abacum saas help finance team deliver business insight abacum collaborative workflow planning platform smb finance team boost productivity strategic impact company believe empower people good collaborative tool multiply strategic impact organization fulfil,Future of Work,0.826,Analytics,0.825,Productivity,0.822
25,258,Abacus.AI,abacus ai artificial intelligence research cloud service company help organization design train operationalize machine deep learning model allow organization plug play deep learning system exist customer experience business process company found base san francisco california,Analytics,0.859,Future of Work,0.856,Platforms,0.842
26,3853,Abacus-e-Media,abacus e medium bring digital expertise industry specialist creative thinking design build website work believe develop technical solution forge commercial objective business brand strategy produce interactive engage user experience,Social Networks,0.866,MarTech,0.861,Creator Economy,0.857
27,6113,ABA-English,aba english lead digital academy english learning student worldwide headquartered barcelona talented team compose professional country aba english stand unique methodology combine technology pedagogy interaction real teacher mission guide student learn journey empower effective tool achieve goal quickly efficiently aba english recognize good educational app reimagine education award feature apple google educational app,EdTech,0.803,Analytics,0.771,Future of Work,0.766
28,10663,ABAX,abax developer supplier car logbook car tracker system fleet control software equipment control technology business operate company vehicle product world lead respective field help numerous customer reduce overall fuel spend company vehicle eliminate risk tax penalty,Sales & CRM,0.828,Industrial IoT,0.824,InsurTech,0.823
29,6511,Abcodia,abcodia biotechnology company focus discovery validation biomarker cancer screen unique longitudinal serum biobank partnerships ucl technology platform provider lead commercial diagnostic company abcodia able support end end diagnostic development process abcodia found base cambridge uk,Health Tech,0.801,Longevity,0.797,BioTech,0.792
30,9786,Abhi,abhi financial wellness platform provide employee salary advance base accrue wage abhi salary advance app plan change game people spend money allow user withdraw portion accrue salary bank account help employer reduce workload hr finance department facilitate employee need abhi found base pakistan,Future of Work,0.749,DeFi,0.741,Analytics,0.73
31,3255,ABK-Biomedical,abk biomedical combine clinical market biomaterial specialize improve treatment option patient hypervascular tumor company dedicated transform interventional radiology procedure call embolization,MedTech,0.862,Healthcare,0.86,Health Tech,0.847
32,5750,Ablynx,ablynx biopharmaceutical company engage discovery development nanobodie novel class therapeutic protein base single domain antibody fragment range human disease include inflammation haematology oncology pulmonary disease today company approximately project pipeline nanobodie clinical development,BioTech,0.86,Genomics,0.838,Life Sciences,0.837
33,3527,Abogen-Biosciences,abogen bioscience discovery stage biotechnology company focus develop nucleic acid base rna dna therapeutic treatment cancer infectious disease,Life Sciences,0.916,BioTech,0.908,Longevity,0.894
34,7990,Abokado,abokado own operate chain food bar restaurant united kingdom offer sushi wraps breakfast juice smoothie drink cake fruit salad soup stir fry asian food abokado supply lunch company mark lilley wife lindsey found headquarters london united kingdom,Retail,0.764,Food & Beverage,0.718,Mobile,0.716
35,3174,AbsolutData,absolutdata consulting orient analytic research firm number fortune client wide variety industry country navik ai platform enterprise blend ai technology datum analytic serve intelligence layer forward think company,Analytics,0.865,Data Infrastructure,0.855,Platforms,0.849
36,3436,Acacia-Pharma,acacia pharma pharmaceutical company discover develop supportive care drug company focus cancer supportive care product include injectable formulation oral drug use nausea vomiting use cancer cachexia intravenous formulation use prevention treatment nausea vomiting company concentrate discovery effort cancer relate fatigue cancer cachexia xerostomia acacia pharma incorporate base cambridge united kingdom,Psychedelics,0.782,Healthcare,0.72,Health Tech,0.707
37,4672,ACAL-Energy,acal energy developer fuel cell system module consumable chemical range use include stationary residential automotive application require large kw power innovative design deliver substantial cost saving fuel cell system performance improvement pem proton exchange membrane accelerate adoption pem fuel cell technology key market,Energy Storage,0.819,Energy Distribution,0.793,Circular Economy,0.781
38,739,Accelerated-Payments,accelerated payment enable sme expand grow allow advance cash specific individual invoice accelerate payment create entrepreneur year experience financial service start run business,Creator Economy,0.83,E-commerce,0.821,InsurTech,0.815
39,4924,AccelerComm,accelercomm exciting semiconductor ip core company provide solution accelerate generation wireless communication rel rel technology solve bottleneck limit speed generation wireless communication error correction decode required overcome effect noise interference poor signal strength,Industrial IoT,0.824,Semiconductors,0.821,Data Storage,0.809
40,6388,Access-Bank,access bank provide banking product service individual business customer ghana offer standard saving current access advantage solo premier account company provide online banking service include atm online access point sale terminal service bill payment western union money transfer service,Payments,0.861,E-commerce,0.837,DeFi,0.807
41,6483,AccessFintech,accessfintech offer risk management service bank buyside firm track trade lifecycle help firm track trade lifecycle true sense prioritize risk increase number system access fintech bring fintech providers house technology orchestrate interaction distribute provider create single visual display risk financial transaction global sharable view,InsurTech,0.83,DeFi,0.82,Analytics,0.816
42,10138,Access-Intelligence,access intelligence b b medium information company headquarter rockville serve energy defense healthcare management chemical satellite aviation cable medium public relation market,Retail,0.833,5G Networks,0.819,PropTech,0.813
43,3427,Accuri-Cytometers,accuri cytometer found address compelling need life scientist love rapid cell cell analysis capability flow cytometer flow cytometer lab barrier researcher include cost instrument complexity software effort require maintenance large bench space require instrument result company look develop affordable robust cytometer,Analytics,0.77,Industrial IoT,0.765,Longevity,0.762
44,10601,Accutrainee,accutrainee found run solicitor understand legal industry challenge deliver legal service client critical need commercial approach whilst stay sensitive partnership ethos profession understand trainee process having experience hand,InsurTech,0.824,Professional Services,0.823,Future of Work,0.822
45,8817,AccuVein,accuvein specialize vein visualization technology flagship product hand hold non contact vein illumination solution allow healthcare professional map peripheral vein skin surface goal access avoid vein build proprietary technology embody grow patent portfolio cover broad range image medical diagnostic technology company found headquartered medford new york,MedTech,0.816,Health Tech,0.81,InsurTech,0.783
46,7247,Acea-Health,acea health digital healthcare company develop application call flynote new digital consent platform flynote analyse number factor include patient background deliver personalise risk benefit flynote aim solution consent healthcare,InsurTech,0.847,Health Tech,0.833,AdTech,0.822
47,6553,Acesion-Pharma,acesion pharma developer medical drug design treatment atrial fibrillation company medical drug develop treatment atrial fibrillation common type cardiac arrhythmia follow concept inhibit type ion channel heart cell involve generate electrical signal regulate heart rhythm provide consumer chronic treatment prevent recurrence af maintain normal heart rhythm,Longevity,0.753,Psychedelics,0.753,Health Tech,0.747
48,6532,Achilles-Therapeutics,achille therapeutic developer immunotherapy intend offer generation patient specific therapy treat cancer company immunotherapie harness immune system destroy cancer cell target truncal tumor neo antigen flag immune system present surface cancer cell enable scientist target destroy tumor harm healthy tissue,Genomics,0.788,Longevity,0.781,BioTech,0.76
49,7485,Achillion-Pharmaceuticals,achillion drive transform live patient family affect disease complement system integral innate immune system scientific clinical evidence implicate complement system specifically complement alternative pathway ap numerous devastating disease condition principal focus achillion advance clinical stage portfolio orally administer factor d inhibitor late stage development potential commercialization patient devastating disorder complement system,Psychedelics,0.776,Longevity,0.771,Genomics,0.765
50,10086,Acousticeye,acousticeye establish tal pechter noam amir bring acoustic technology ndt non destructive testing industry company develop manufacturer market mobile embed tube inspection device acousticeye patent pende technology offer accurate rapid single point inspection inaccessible tube company dolphin system unique ability quickly find accurately locate defect complex tube system regardless material need physically traverse probe tube,Industrial IoT,0.774,IoT,0.773,Robotics,0.762
51,10194,Acre,acre rebuild uks mortgage market ground vertically integrate mortgage stack new end end platform broker lender,DeFi,0.84,FinTech,0.817,PropTech,0.811
52,4981,AcreTrader,acretrader agricultural real estate invest platform help buyer buy share farmland online platform acretrader provide transparency flexibility ease use people want invest farmland handling aspect administration property management insurance account work local farmer improve soil sustainability company found headquartered fayetteville arkansas,DeFi,0.807,InsurTech,0.796,PropTech,0.777
53,3893,ACS-Clothing,acs provider men hirewear lead retailer uk ireland wtih extensive range formalwear highlandwear provide outfits wearer year range garment available hire found company grow year proud supply large menswear retailer uk,Beauty,0.809,Fashion,0.801,Retail,0.789
54,7159,Actionality,actionality offer mobile marketing technology solution company adflextm platform enable user develop mobile commercial standardized format campaign logic support update rotation modification interaction reporting serve advertiser mobile operator content providers asia europe company found base munich germany sale office berlin germany hong kong hong kong july actionality subsidiary yahoo,Mobile,0.796,Creator Economy,0.782,AdTech,0.781
55,3073,Actronika,actronika build haptic platform enable seamless system integration actronika leader haptics technology provide cut edge vibrotactile module integrate client system actronika develop human machine interface solution patent haptic technology human bear touch order form relationship learn engaged environment face digitize world mission engage people tangible material experience hardware software possible,Robotics,0.762,Generative AI,0.76,Analytics,0.753
56,20,Acutus-Medical,acutus medical develop medical technology treat complex cardiac arrhythmia company platform display heart true activation pattern turn chaos complex arrhythmia clear vision electrophysiologists acutus medical privately fund company found base carlsbad california products co develop europe exceptional team medical scientist biomedical engineer professional found headquartered carlsbad california,Health Tech,0.76,Psychedelics,0.739,Genomics,0.738
57,1262,Adaface,adaface build conversational ai ada round tech interview candidate love interview turn ada analyse candidates think process timely hint ask follow question accurately gauge skill ada shortlist qualified candidate role company invest time engage candidate,Analytics,0.808,InsurTech,0.807,Future of Work,0.807
58,3279,Adagene,adagene clinical stage biotech company specialize develop immuno oncology antibodie novel epitope proprietary smart antibody technology increase success rate substantially accelerate time market reduce cost associate develop therapeutic antibody,BioTech,0.819,Longevity,0.802,Life Sciences,0.8
59,321,Adallom,found cyber defense veteran adallom gartner cool vendor cloud access security broker deliver visibility governance protection cloud application innovative platform simple deploy seamless user available saas base prem solution power smartengine advanced heuristic back elite cybersecurity research team adallom make easy protect data cloud adallom abbreviation hebrew say ad halom literally mean line defense information visit follow,Data Storage,0.835,Cloud Infrastructure,0.828,Cloud Computing,0.827
60,5787,Adaptate-Biotherapeutics,adaptate biotherapeutic company develop antibody modulate gamma delta t cells situ company found adrian hayday headquartered london,Longevity,0.809,BioTech,0.791,Life Sciences,0.789
61,9851,ADC-Biotechnology,adc bio develop new process technology help drug developer meet conjugation process challenge test production new antibody drug conjugate anti cancer drug technology signal fast simple costly development exciting new family drug,BioTech,0.814,Longevity,0.798,Life Sciences,0.793
62,10620,ADC-Therapeutics,adc therapeutic clinical stage oncology drug discovery development company focus advance highly potent target antibody drug conjugate adcs treatment hematological cancer solid tumor adcs develop late generation pyrrolobenzodiazepine pbd dimer technology provide superior therapeutic index compare generation pbd adcs preclinical study pbd dimer potent toxin actively kill cancer cell differentiate mechanism action warhead commonly adcs,Psychedelics,0.796,Genomics,0.751,BioTech,0.748
63,5062,Addition-Wealth,addition wealth holistic financial wellness platform empower employee smart informed financial decision take tech forward approach combine digital tool online event expert content access financial professional addition make personalized financial expertise inclusive accessible employee addition partner forward think employer help employee money,InsurTech,0.816,Future of Work,0.816,Sharing Economy,0.809
64,3020,Adepto,adepto pioneering way company view manage entire workforce ve create total talent ecosystem bring internal external worker place point solution complete solution start brisbane australia global operation tribe hard work dedicated diverse mind passionate create solution organisation people centre,Future of Work,0.821,Sharing Economy,0.797,Creator Economy,0.793
65,3863,Adept-Technology-Group,adept technology group plc provider communication solution adept unite communication innovation use technology bring idea solution business help succeed simply deliver product service help business grow competitive increase profitability improve way communicate customer employee,MarTech,0.822,Social Networks,0.813,Future of Work,0.812
66,3957,Adestra,adestra empower client maximize marketing roi email drive technology year flexible account structure obsession customer success award win service gain trust global enterprise grow brand alike found principle marketing success take technology s customer service heart business software service software service adestra office dallas oxford london sydney boston,MarTech,0.813,AdTech,0.812,Sales & CRM,0.808
67,5565,Adfenix,adfenix collect sense world real estate datum adfenix platform estate agent empower help consumer journey buy new home offer quality advertising product relate service click button,Creator Economy,0.851,AdTech,0.838,Social Networks,0.834
68,5791,Adiana,adiana engage development testing transcervical sterilization system permanent birth control develop complete tcs consist radiofrequency generator delivery catheter implantable matrix company found base redwood city california march adiana subsidiary cytyc,Health Tech,0.807,Longevity,0.801,MedTech,0.799
69,6702,Adikteev,adikteev lead app engagement platform performance drive marketer consistently rank appsflyer performance index adikteev help world spend game app publisher increase retention reacquire churn user drive incremental revenue thank measure engagement strategy creative algorithm adikteev serve customer world office emea,Analytics,0.735,Creator Economy,0.735,Business Intelligence,0.726
70,4175,Adjug,adjug online advertising marketplace connect buyer seller online advertising provide transparency control choice publisher control online inventory increase earning advertiser run well campaign know conversion traffic come adjug found satish jayakumar michael stephanblome idea improve way advertising gets buy sell ad network connect advertiser publisher directly adjug seek europe lead online advertising marketplace,AdTech,0.803,Creator Economy,0.786,MarTech,0.773
71,9546,ADMA-Biologics,adma specialty immune globulin company develop manufacture intend market plasma base biologic target niche patient population treatment prevention certain infectious disease companys target patient population include immune compromise individual suffer underlie immune deficiency disease immune suppress medical reason adma operate adma biocenter fda license source plasma collection facility provide portion blood plasma manufacturing company lead product candidate,Gut Microbiome,0.759,Healthcare,0.757,Psychedelics,0.754
72,10703,Adona-Medical,adona medical privately hold portfolio company shifame innovate interventional approach heart failure complex progressive condition impact approximately patient patient globally adona platform overcome shortcoming exist treatment option enable provider improve care heart failure patient,Health Tech,0.828,MedTech,0.815,Healthcare,0.791
73,6666,Adsum,adsum fintech company proprietary tech identify client tax credit maximize deliver client account hour handle entire reclaim process client focus investment growth adsum headquarter london england found,Sales & CRM,0.866,InsurTech,0.856,DeFi,0.844
74,3470,Advance-Intelligence-Group,advance intelligence group ai drive technology company asia pacific found leverage innovative technology partnership build ecosystem product service serve consumer enterprise merchant,Platforms,0.86,Cloud Infrastructure,0.852,Industrial IoT,0.832
75,10212,Advantage-Club,advantage club provide ai drive platform intend drive employee engagement deliver program connect benefit brand organization client employee company intend provide end end solution facilitate meaningful client employee engagement exclusive privilege reward provide brand partner,Social Networks,0.84,Sharing Economy,0.827,Creator Economy,0.823
76,6721,Adviva,adviva operate european online advertising network target brand advertiser behavioural contextual target technology adviva connect advertiser european consumer want reach,AdTech,0.863,InsurTech,0.826,MarTech,0.825
77,2430,Advizzo,want use behavioural science enrich people live insight household datum change way people think water gas electricity world preserve natural resource,Climate Tech/CleanTech,0.828,Biodiversity,0.814,Circular Economy,0.807
78,29,Adyen,adyen operate technology company netherlands brazil singapore united kingdom canada australia south korea hong kong mexico china new zealand malaysia india japan united states offer adyen platform integrate gateway risk management processing acquire settlement payment directly connect merchant visa mastercard payment method sale channel include merchant online mobile point sale channel pieter van der found adyen headquarters amsterdam netherlands,Payments,0.757,Crypto,0.733,DeFi,0.73
79,7489,AEA-Technology,aea lead energy climate change consultancy deliver visionary integrate environmental solution worldwide assist government evidence base policy development solve environmental challenge improve organisational performance,Circular Economy,0.82,Sales & CRM,0.813,InsurTech,0.806
80,10,Aegerion-Pharmaceuticals,aegerion pharmaceutical biopharmaceutical company engage development commercialization therapeutic pharmaceutical treat cardiovascular metabolic disease develop lomitapide microsomal triglyceride transfer protein inhibitor small molecule drug decrease serum lipid include cholesterol triglyceride treat atherosclerosis dyslipidemia obesity pancreatitis company focus product evaluation treatment hyperlipidemia aegerion pharmaceutical incorporate headquartered bridgewater new jersey,Psychedelics,0.767,Genomics,0.759,BioTech,0.718
81,6768,Aerones,aerone innovative company develop robotic technology wind turbine blade maintenance service company found headquartered san jose california united states,Industrial IoT,0.823,Automotive,0.804,IoT,0.785
82,9044,Aether-Bio,aether bio developer machine learn technology purpose enzyme order create new compound technology utilize machine learn combine high throughput robotic laboratory create entirely new compound reinvent production previously discover compound enable healthcare institutes chemical material need cheap sustainable company proprietary hardware allow massively parallelize experimentation generating dataset order magnitude large competition,Analytics,0.78,Generative AI,0.754,BioTech,0.751
83,2215,AFC-Wimbledon,afc wimbledon continuation wimbledon football club long exist franchising league place milton keynes team win fa cup notably rise dead look come home plough lane,Death Tech,0.687,Disinformation,0.66,Longevity,0.658
84,754,Africa-Logistic-Properties,africa logistics property alp integrated property investment development property company dedicate modern grade logistic industrial sector africa base nairobi management team include senior property professional year industrial investment experience emerge market alp back global institutional investor,PropTech,0.825,InsurTech,0.803,DeFi,0.797
85,780,Afrocenchix,afro haircare market grow fast big player not understand customer problem ve problem customer centric datum drive approach afrocenchix help formulate manufacture sell bottle safe effective product far award win product feature publication vogue indy good list average star review customer getting start,Analytics,0.789,Retail,0.783,EdTech,0.776
86,5924,Agar-Scientific,agar lead manufacturer distributor scientific laboratory equipment focus electron microscopy consumable found alan agar company enjoy global recognition provider high quality component excellent customer service,Industrial IoT,0.817,Retail,0.812,InsurTech,0.794
87,10408,Agilyx,believe time right expand advanced recycling give post use plastic new circular life convert valuable material original building block reuse enable plastic circularity global commercial scale aim play vital role accelerate shift low carbon economy co found cyclyx international waste plastic management company work directly industry participant engineer customize plastic recovery program supply advanced chemical recycling facility,Circular Economy,0.796,Industrial IoT,0.764,Longevity,0.756
88,6158,AGNITiO,agnitio worldwide market leader voice i d product agnitio voice i d government organization prevent crime identify criminal provide evidence court agnitio extensive customer base include lead police intelligence military government organization country agnitio voice i d product number lead customer partner contact center financial service telecommunication enterprise security sector,Retail,0.726,Data Management,0.725,Analytics,0.724
89,4453,AgPlus-diagnostics,agplus diagnostic develop diagnostic platform technology deliver demand market requirement true quantitative poc product use wide range clinical application,Platforms,0.844,Analytics,0.836,Business Intelligence,0.835
90,6875,Agriconomie,agriconomie agtech e commerce company provide farmer variety online tool include purchase support personalize advice information source share input supplier offer datum service advertising software supplier service division company found clment le fournis paolin pascot dinh nguyen,Retail,0.829,InsurTech,0.807,Creator Economy,0.807
91,9245,AgriWebb,agriwebb software company focus livestock production industry product enable simplified farm data collection analysis improve management efficiency decision make benchmarke transparency integrate horizontal vertical supply chain agriwebbs founder come generation livestock production aim transform livestock industry datum drive decision make build intuitive farm datum recording,Analytics,0.824,Business Intelligence,0.808,Data Management,0.804
92,1338,Agrosight,agrosight analytic company help agronomist farm unit integrate new stream unique valuable data decision make process agrosight detect plant disease early hyper spectral signal dramatically reduce cost food production,Analytics,0.838,Industrial IoT,0.822,AgTech,0.82
93,4774,Aidence,aidence rally datum scientist software engineer medical regulatory business professional provide intelligent software lung cancer pathway clinical application veye lung nodule ai solution pulmonary nodule management ct veye run routine practice lung cancer screen programme europe,Health Tech,0.851,MedTech,0.836,Longevity,0.833
94,3517,AI-Medical-Service,ai medical service start company develop artificial intelligence bring wisdom japanese endoscopic specialist contribute development endoscopic medical care worldwide,Health Tech,0.831,MedTech,0.822,Healthcare,0.82
95,1368,AIMLedge,aimledge develop software platform automate development deployment customize deep learning software edge device brand computing ability specialize optimize solution low end commodity camera platform reduce development time solution enable plug play deployment vision democratize cut edge ai iot business industry size,Platforms,0.84,Data Infrastructure,0.824,Data Storage,0.821
96,3573,AInnovation,ainnovation own operate company offer product service base artificial intelligence different company platform use technology recognition vision computer learn machine process natural language offer advantage efficiency algorithm permit company improve productivity performance enable business enhance efficiency value achieve digital transformation,Analytics,0.806,Future of Work,0.801,EdTech,0.787
97,1219,Ai-Palette,ai palette world artificial intelligence platform fmcg product innovation ai palette create win product concept line brand personality exist product portfolio garner insight million digital conversation couple company datum create product concept address unmet need consumer,Creator Economy,0.805,Analytics,0.803,Metaverse,0.79
98,10231,Airex,airex smart ventilation control build intelligent air ventilation unit atmospheric sensor cloud algorithm company develop retrofit smart ventilation control system control airflow air brick owner benefit decrease energy bill warm home enhance thermal comfort healthy home minimal disturbance compromise air quality smart algorithm allow automatic air flow regulation take account local weather air quality datum airex found headquartered london,Energy Efficiency,0.775,Connected Home,0.757,Connected Life,0.744
99,2082,AirPublic,airpublic provide world city citizen dynamic granular representative datum air pollution currently available develop expertise apply iot environmental sensing emerge smart city revolution,Circular Economy,0.85,Industrial IoT,0.85,Business Intelligence,0.843
100,6136,AirSense-Wireless,airsense wireless european market leader wi fi cellular network interoperability work mobile network operator wi fi network enable seamless switch network demand wireless service increase need airsense wireless technology airsense wireless mission change mobile datum forever,IoT,0.832,Network Infrastructure,0.827,5G Networks,0.822
101,6552,Airstrip-Technologies,airstrip technology platform securely deliver critical patient information include virtual real time waveform datum directly hospital monitoring system doctor nurse smart phone laptop desktop platform completely reusable scalable datum independent employ healthcare enterprise,Connected Life,0.854,Health Tech,0.847,IoT,0.845
102,2641,Airsupply,airsupply demand teacher marketplace provide vet verify substitute supply teacher help school save money pay teacher,EdTech,0.813,Sharing Economy,0.801,Human Resources,0.792
103,8828,Airvet,airvet telehealth platform design offer continuity care pet parent veterinarian aim support strengthen exist relationship veterinarian client veterinarian engage client pet parent video real time chat drive clinic revenue create continuity care achievable innovative veterinary community company found headquartered los angeles california,Health Tech,0.795,InsurTech,0.77,Retail,0.764
104,5236,Aiven,aiven technology drive company enable business manage open source datum infrastructure cloud headquarter helsinki office berlin sydney toronto boston aiven provide manage open source data technology like postgresql kafka major cloud enable customer drive business result open source trigger true transformation far backyard,Data Infrastructure,0.783,Cloud Infrastructure,0.782,Data Management,0.781
105,5934,Ajenta,globally focus business work closely client create simple cost effective communication tool change way people collaborate,Social Networks,0.849,Future of Work,0.847,Productivity,0.835
106,6049,Akeero,akeero assist devop product security team design deliver secure cloud infrastructure begin develop automate threat model platform assist product team produce buggy product customer use product build threat model gain visibility cyber asset achieve compliance,Platforms,0.849,Cloud Computing,0.843,Data Storage,0.839
107,5693,Akoni-Hub,akoni tech startup currently build business focus cash deposit marketplace sme future expansion sme product aim use technology machine learn improve financial outcome business,Future of Work,0.849,Creator Economy,0.84,EdTech,0.832
108,4358,Akrivia-Health,akrivia health provide datum research clinical trial optimization molecular characterization mental health dementia provide assistance process early stage drug discovery market analysis clinical trial revenue management,Sales & CRM,0.878,InsurTech,0.857,AdTech,0.849
109,5338,Aktiia,found switzerland passion turn insight action fight hypertension aktiia groundbreaking medical technology provide people physician comprehensive insight blood pressure pattern inform diagnosis management hypertension available united kingdom aktiia receive ce mark class iia medical device signify device assess meet high safety health environmental protection requirement europe learn visit,Health Tech,0.821,MedTech,0.8,EdTech,0.783
110,10708,Akura-Medical,akura medical develop generation thrombectomy device aim simplify thrombectomy easy use single pass procedure efficiently remove blood clot,MedTech,0.81,Healthcare,0.802,Health Tech,0.794
111,7016,Alaan,alaan multi currency spend management platform enable sme digitise business expense provide employee corporate card company purchase automate invoicing process,Payments,0.854,InsurTech,0.846,DeFi,0.846
112,83,Alan,alan stop health partner access healthy productive life empower body mind service include intuitive health insurance offer alan clinic navigate healthcare system alan mind mental offer thing alan people healthier happy productive new independent insurance license france french prudential supervisory authority acpr operate france belgium spain alan raise,Health Tech,0.78,InsurTech,0.761,EdTech,0.758
113,5937,Alaric-Systems,alaric system limit provide soa orient payment software product bank retailer issuer acquirer service provider globally company strategic alliance hewlett packard ibm mastercard international oracle stratus technologies visa international sun microsystem alaric system limit incorporate headquartered london united kingdom international office united states malaysia australia,Payments,0.746,DeFi,0.743,Crypto,0.74
114,6769,Alasco,alasco support project controller developer automate workflow availability financial datum place central information source increase productivity participant method decrease probability error assure comprehensive transparency fast decision make,Productivity,0.897,Analytics,0.878,Future of Work,0.868
115,8866,albo,albo lead mexican challenger bank help manage money adapt lifestyle bring honest service care albo offer mobile banking app banking account mastercard card allow easily spend save invest money open account second phone having disposal personalized financing tool help assist make well financial decision able free money transfer whichever bank albo include innovate function one mention,Payments,0.774,DeFi,0.771,FinTech,0.757
116,7463,Alchemab-Therapeutics,alchemab therapeutic develop natural protective antibody design people free hard treat disease company building transformative engine identify drug target develop pipeline antibody therapeutic hard treat cancer neurodegenerative condition infectious disease alchemab therapeutic establish uri laserson jane osbourn london england,Psychedelics,0.785,BioTech,0.774,Genomics,0.762
117,7128,Alderaan-Biotechnology,alderaan biotechnology biotechnology company develop antibody target new original target immuno oncology express nk cell particular,Longevity,0.797,BioTech,0.787,Life Sciences,0.785
118,9110,Alena,alena use neuroscience base game assess user behaviour identify think pattern drive key mental health disorder deeply understand alena suggest optimal intervention dynamically adapt user change need alena found london bring lead figure world computational neuroscience psychiatry user centric innovation learn alena website,Analytics,0.816,Generative AI,0.815,Metaverse,0.798
119,7263,Aleph-Alpha,aleph alpha mission transform human machine interaction research develop deploy large language model run fast european commercial ai cluster generative ai solution enable enterprise governmental organization build truly intelligent product,Analytics,0.873,Platforms,0.852,Data Infrastructure,0.844
120,10652,Alerzo,alerzo e commerce retail company provide technology service platform transform informal retail store operate offer demand inventory distribution financial service small informal store provide real time market trend customer feedback consumer purchasing datum brand manufacturer company found base ibadan nigeria,Retail,0.839,E-commerce,0.828,Physical Storage,0.797
121,4961,Alesi-Surgical,alesi surgical found develop commercialise product improve safety efficacy outcome surgical procedure company spin welsh institute minimal access therapy wimat lead surgical training centre uk alesi surgical unique level access experience surgeon surgical trainer trainee allow identify issue procedure design device address issue,MedTech,0.834,Health Tech,0.815,Healthcare,0.81
122,8182,Alessandro-Isola,alessandro isola high end architectural product design studio alessandro isola studio strive deliver project awareness space acknowledge gesture inherent patience understand situation importantly listen heart subject studio believe design visible aspect life limit represent challenge,Future of Work,0.809,Social Networks,0.801,EdTech,0.799
123,5826,Alexza-Pharmaceuticals,alexza pharmaceutical emerge specialty pharmaceutical company focus development commercialization novel proprietary product treatment acute intermittent condition found headquartered mountain view california,Life Sciences,0.816,MedTech,0.802,Psychedelics,0.79
124,293,Algolia,algolia search service platform enable company size deliver fast relevant digital experience drive real result algolia consumer able easily find discover want web mobile voice algolia allow developer business team build optimize delightful search discovery experience increase online engagement conversion rate revenue,Analytics,0.815,Creator Economy,0.79,Business Intelligence,0.781
125,2117,Alice-SI,alice help charity raise fund base impact donor know money pay successful social programme donation hold smart contract secure blockchain donor maximum transparency impact money make goal restore public trust charity donation raise fund social mission,Creator Economy,0.767,Sharing Economy,0.745,Disinformation,0.739
126,4920,Alimetry,alimetry health technology startup base auckland new zealand develop breakthrough solution diagnose disorder gastrointestinal gi function,MedTech,0.842,Longevity,0.832,Health Tech,0.829
127,7566,All-4-Games,games use connection channel tv uk promote market indie mobile game give developer unique access mainstream audience assistance lifecycle game development launch,Creator Economy,0.866,Gaming,0.833,Metaverse,0.82
128,10484,Allmyhomes,allmyhome bring efficiency transparency complete marketing process new build real estate integrate marketing sale activity software platform allmyhome give developer information control project order datum drive agile success,Analytics,0.864,Productivity,0.863,Business Intelligence,0.855
129,7378,Allocations,allocation technology company build private equity venture capital economy open enable financial inclusion person business allocation raise excess m investor august include irish angel vitalize vc allocations angels lfg venture browder capital tvc jamie rogozinski joey krug bruce menin russell galbut date allocation power private fund total approximately m volume,DeFi,0.818,Creator Economy,0.792,Web3,0.776
130,2925,Alloxentric,alloxentric communication platform integrate voice text design automate multi channel contact strategy cooperate dynamic ethical integrative collaborative manner purpose increase engagement experience customer,Social Networks,0.875,Future of Work,0.849,Platforms,0.841
131,8699,All-Shades-Covered,young vibrant company passionate supply select quality hair beauty product truly believe woman deserve positive transparent shopping experience asc bear desire provide want access quality hair beauty product base victoria london team young professional share desire change community dream big want consumer journey provide shopping experience deserve guarantee great product speedy delivery end phone question come beauty got cover,Fashion,0.731,Beauty,0.731,Retail,0.725
132,10807,Allylix,allylix early stage biotechnology company develop terpene product derivative flavor fragrance food ingredient pharmaceutical agricultural biofuel market product comprise nootkatone grapefruit flavor fruit juice citrus flavored soda company develop sesquiterpene aroma chemical segment flavor fragrance market production platform pharmaceutical nutraceutical agricultural market allylix found base san diego california research development laboratory lexington kentucky,Retail,0.72,Psychedelics,0.716,Semiconductors,0.706
133,5793,Alnylam-Pharmaceuticals,alnylam translation rna interference rnai new class innovative medicine potential transform live people afflict rare genetic cardio metabolic hepatic infectious central nervous system disease base nobel prize win science rnai therapeutic represent powerful clinically validate approach treatment wide range severe debilitate disease,Genomics,0.808,Psychedelics,0.795,Longevity,0.793
134,1375,Alpha-i,alpha predictive maintenance platform aerospace wind energy use machine learning provide actionable insight reduce downtime found alpha world class research development team back tier venture capital,Analytics,0.843,Future of Work,0.838,Creator Economy,0.837
135,3384,Alpima,combine decade global market expertise late advance data science technology help professional institutional investor harness digitization finance deliver secure scalable high performance environment cloud premise offer truly personalise service scale engage digital experience client service offer brand configure fit business,Platforms,0.865,Cloud Infrastructure,0.845,Cloud Computing,0.836
136,10423,Altacor,altacor develop bring market specialist ophthalmic product design need ophthalmologist patient altacor bring skill drug development depth market knowledge understand european regulatory environment create portfolio high quality differentiate prescription medicine set new standard sector altacor pipeline include product dry eye glaucoma glaucoma surgery ocular surgery,Health Tech,0.767,Healthcare,0.743,MedTech,0.733
137,1964,Altered-State-Machine,altered state machine aim platform protocol developer build create compete ai base agent bot upgrade train ai buy sell nft bring evolution nft,Creator Economy,0.805,Analytics,0.796,Big Data,0.791
138,6822,Altermune-Technologies,altermune technology llc newly form company focus development novel therapeutic combat resistant pathogen mrsa difficile pseudomona pandemic influenza company lead team house scientist wide network partnership include collaborative research arrangement number university usa europe corporate relationship company oligonucleotide synthesis aptamer selection,Genomics,0.782,BioTech,0.777,Psychedelics,0.774
139,3260,Alternative-Bio,alternative bio biotechnology company focus develop novel therapeutic target previously untapped class post translational modifying enzyme,Life Sciences,0.816,Longevity,0.809,BioTech,0.809
140,6720,Altitun,altitun ab provide tunable laser product line design help system vendor carrier reduce cost today drive optical network tomorrow altitun provider world complete tunable laser product line,Industrial IoT,0.822,IoT,0.81,Network Infrastructure,0.792
141,9024,Alto-Neuroscience,alto neuroscience clinical stage biopharmaceutical company integrate biology patient drug development improve live people mental health condition ai enable biomarker platform alto neuroscience combine rich source information patient brain activity behavior rapidly develop highly effective medicine target population alto neuroscience aim replace today trial error clinical approach align right alto drug right patient redefine psychiatry time world need,Health Tech,0.804,Genomics,0.79,BioTech,0.775
142,9830,Altus-Pharmaceuticals,altus information technology consulting firm global impact trust strategic partner world class healthcare provider global manufacturing company financial institution lead business,Retail,0.835,Sales & CRM,0.806,RegTech,0.806
143,7239,Amalyst,amalyst limited develop catalyst fuel cell electrolyser application offer electrode catalyst employ proton exchange membrane fuel cell water electrolyser provide core energy conversion function,Energy Storage,0.805,Semiconductors,0.793,Energy Distribution,0.778
144,7601,Amantys,amantys ltd establish bring power electronic technology develop cambridge university market company develop power electronic product high level programmability enable new exciting possibility field power electronic design,Industrial IoT,0.823,Automotive,0.801,EdTech,0.794
145,7452,Amathus-Therapeutics,amathus therapeutic biotechnology firm work compound treat stress parkinson disease molecular process include oxidative stress response proteasomal degradation unfold protein response autophagy mitophagy,Longevity,0.872,Genomics,0.864,BioTech,0.841
146,8306,Am-Beo,beo global provider real time rating settlement solution communication generation service industry beo flagship product rate provide rating revenue settlement voice data content usage base service beo provide roam inter carrier roam agreement settlement,Platforms,0.849,Cloud Infrastructure,0.845,InsurTech,0.84
147,8599,Ambient-Industries,ambient industry smartphone software startup ambient industry venture fund found jane sale tristan brotherton roger nolan jane roger previously founder symbian software,Creator Economy,0.807,Metaverse,0.765,Entertainment,0.765
148,1248,Ambify,ambify environmental health tech company develop hardware software solution monitor reduce environmental pollutant ambify focus create custom hardware software solution real time microenvironmental risk monitoring ambify found headquartered london england,Health Tech,0.775,Carbon Capture,0.763,Analytics,0.762
149,8794,AmbioPharm,ambiopharm manufacture company manufacture active pharmaceutical ingredient generic peptide undertake development production research grade complex peptide generic pharmaceutical active pharmaceutical ingredient pre clinical vitro medicinal toxicology program responsive business model rapid manufacturing process enable pharmaceutical biotech company peptide project preclinical clinical commercial quickly low cost,BioTech,0.782,Life Sciences,0.769,Healthcare,0.75
150,3843,Ambisense,ambisense drive innovation environmental space technology platform optimize delivery environmental risk assessment world large infrastructure project industrial waste vertical ambilytic encompass iot ml solution combine information remotely deploy field device contextual data source weather satellite geophysical operational datum build machine learning model model identify relationship pattern driver hide datum allow customer forecast predict behaviour target environmental pollutant,Analytics,0.83,Data Management,0.829,Generative AI,0.824
151,10486,Ambrx,ambrx clinical stage biopharmaceutical company expand genetic code technology platform discover develop engineer precision biologic include generation antibody drug conjugate adcs bispecific target immuno oncology therapy novel cytokine modulate immune system long act therapeutic peptide metabolic cardiovascular disease ambrx advance robust portfolio clinical preclinical program design optimize efficacy safety ease use multiple therapeutic area include lead product candidate,Genomics,0.833,BioTech,0.814,Longevity,0.796
152,10638,Ambys-Medicines,ambys medicine biotechnology company focus discover develop regenerative restorative therapy ambys medicine work fundamentally transform live people suffer severe liver disease create breakthrough therapy capable restore liver function prevent progression liver disease treat devastating complication liver failure,Longevity,0.81,Psychedelics,0.795,Health Tech,0.786
153,3974,Amdaris,amdaris deliver innovative software development product design digital transformation application support consultancy service uk headquarters eastern europe delivery centre proud work diverse range sector deliver combination exciting innovation business critical modernization project grow fast talented employee deliver outstanding customize secure software development service seamless support international customer,Platforms,0.834,InsurTech,0.809,Data Infrastructure,0.807
154,3275,Amenitiz,create amenitiz believe technology key make success profitability accessible hoteli world heart paris uyuni salt flat bolivia mission build platform help owner grow manage vacation property make attract guest manage booking craft exceptional experience simple easy invite grow community help redefine future online hospitality,Creator Economy,0.784,Future of Work,0.775,Travel,0.775
155,6834,Amphivena-Therapeutics,amphivena therapeutics clinical stage immuno oncology company develop platform dual function biologic amphivena restore platform provide dual action biologic relieve immune suppression activate t cell effector function cancer patient platform design integrate element avidity target selectivity enhance safety single molecule engineer additional solid tumor target modality add functionality direct tumor cell killing found headquartered south san francisco california,Genomics,0.793,BioTech,0.753,Psychedelics,0.751
156,3421,Amphora-Medical,amphora medical minnesota base developer medical device instrument company currently work novel cystoscopic device potential improve bladder function quality life people overactive bladder syndrome oab found headquartered minneapolis minnesota united states,MedTech,0.812,Health Tech,0.798,Longevity,0.793
157,6563,Amplimmune,amplimmune product drive company develop immune base biologic treat patient area cancer autoimmunity transplantation infectious disease amplimmune scientific founder johns hopkins university identify key immunological ligand receptor immunological checkpoint co stimulatory molecule basis develop new class biological treatment modulate critical mechanism body immune system aim better live patient suffer aberrant immunological condition,Genomics,0.777,BioTech,0.747,Psychedelics,0.737
158,7739,Amplyx-Pharmaceuticals,amplyx pharmaceuticals pre clinical stage company focus development small molecule drug enhance efficacy low toxicity amplyx employ platform approach improve small molecule drug addition small molecule exist drug company develop innovative therapy debilitate life threaten disease affect people compromise immune system amplyx pharmaceutical found headquartered san diego california,Psychedelics,0.771,BioTech,0.736,Genomics,0.733
159,10689,AMR-Centre,anti microbial research centre aim accelerate development new antibiotic provide development service company world return commercial share new product develop,Longevity,0.806,Life Sciences,0.806,Industrial IoT,0.793
160,7129,AMTE-Power,amte power partner niche customer enable scale transfer emerge new cell technology manufacture business involve transfer developed pilot scale process facility company work research group pilot scale facility early stage invention aid design manufacture amte power secure commercial project government back project research develop generation battery,Industrial IoT,0.799,Platforms,0.796,Automotive,0.794
161,4930,Anacail,anacail technology remove handle safety barrier associate use ozone generate ozone directly final product packaging packaging seal,3D Printing,0.857,Materials,0.838,Circular Economy,0.836
162,10488,Anaphore,anaphore immunonewco develop new class protein therapeutic address significant unmet medical need patient life threaten disease,Longevity,0.858,Life Sciences,0.824,Health Tech,0.813
163,2596,Andela,andela global talent network connect company engineer talent emerge market hundred lead company like github cloudflare viacomcbs leverage andela scale engineering team quickly cost effectively distribute organization span continent andela back investor include generation investment management chan zuckerberg initiative spark capital google venture,DeFi,0.763,Web3,0.747,Creator Economy,0.743
164,2087,Angry-Monk,angry monk platform help business fight food waste company marketplace product aggregate fresh quality surplus supply chain sell restaurant institutional canteen food manufacturer,Retail,0.847,Food & Beverage,0.842,E-commerce,0.818
165,278,Ankorstore,ankorstore online marketplace connect independent shop owner specialist brand neighborhood retailer offer benefit retailer brand retailer possibility discover select thousand brand click benefit day payment term test sale low minimum order quantity advantage constantly evolve tool offer platform brand creator ankorstore allow easily sell product store europe benefit direct contact return retailer payment delivery solve cash flow issue,E-commerce,0.827,Retail,0.803,Creator Economy,0.773
166,9471,Anodot,anodot autonomous analytic platform leverage advanced machine learn technique constantly analyze correlate business parameter provide real time alert forecast context lowering time detection resolution lead edge patented technology trust client industry range ecommerce fintech adtech telco gaming free play offense grow business,Analytics,0.859,Data Infrastructure,0.838,InsurTech,0.835
167,507,Anrok,anrok modern sale tax solution internet era build specifically saas business anrok unify sale tax monitoring calculation remittance financial stack,AdTech,0.852,InsurTech,0.85,Payments,0.85
168,730,Antenova,antenova engage design development supply standard custom antenna radio frequency antenna module product mobile handset adapter portable device laptop computer wireless device antenova incorporate headquartered stow cum quy united kingdom design sale support center taipei taiwan chicago illinois shanghai china manufacturing operation taiwan china,IoT,0.794,Industrial IoT,0.791,Network Infrastructure,0.786
169,8125,Anthro-Energy,anthro reimagine energy storage future advanced material company work solution press issue confront battery power electrify future ruggedize battery safely enable electrified future tomorrow back world class investor variety government grant,Energy Storage,0.833,Energy Distribution,0.807,Electrification,0.805
170,4356,Antiverse,antiverse new type antibody discovery company accelerate drug development platform exist intersection structural biology machine learn medicine enable breakthrough happen quickly cost effectively dedicate engineering future drug development change course people live,Longevity,0.823,Analytics,0.813,BioTech,0.812
171,3997,Antser,antser large provider expert witness service children social care sector alongside solution range direct work child core compliance transformation training technology include innovative impactful virtual reality vr program design interact support vulnerable member society industry lead subject matter expert antser develop service insight address urgent challenge country care sector deliver well outcome,InsurTech,0.791,EdTech,0.773,Future of Work,0.771
172,10173,Anyone,app give minute anyone time community marketplace make possible share knowledge live experience pay pay forward found sweden hybrid remote company team member stockholm london paris new york,Creator Economy,0.859,Sharing Economy,0.826,Metaverse,0.812
173,8168,Anything-World,not offer courier service ubisoft nexus interactive rehab techstar trust consistently deliver guarantee scalability regardless demand uptime,Connected Life,0.822,Creator Economy,0.817,E-commerce,0.814
174,3460,AnyVision,aanyvision world lead visual ai platform company enterprise globe use create trust seamless physical security experience customer employee companys solution build function camera resolution prove operate high accuracy real time real world scenario anyvision harness cut edge research powerful technology platform world safe intuitive connect place,Future of Work,0.84,Analytics,0.839,Platforms,0.835
175,1970,Aparito,aparito global health tech company bring clinical trial patient unlock real world datum mobile app video assessment wearable device provide patient centric platform integrate clinical regulatory expertise capture patient datum develop digital endpoint hybrid decentralized clinical trial streamline drug development process,Platforms,0.814,Health Tech,0.811,Business Intelligence,0.807
176,7124,ApcinteX,apcintex develop market anticoagulant apc pathway treat haemophilia apcintex develop new treatment seek turn activity key natural anticoagulant pathway produce normal blood clot patient haemophilia mean drug potentially treat patient type haemophilia include develop antibodie replacement factor furthermore drug cause anti clotting antibody form administer fortnightly simple injection skin,Psychedelics,0.745,Genomics,0.695,Longevity,0.666
177,8609,Apertio,apertio provide single open subscriber centric architecture current new generation operator aim eliminate complexity cost dramatically reduce new service deployment time lie foundation im network,Cloud Infrastructure,0.857,Edge Computing,0.85,Platforms,0.843
178,7295,Aperto-Networks,aperto network manufacturer highly versatile cost effective carrier grade wimax forum certify infrastructure equipment award win packetmax technology enable service provider enterprise worldwide profitably deliver affordable wireless voice broadband data service business residential customer government organization kind company offer solution fix mobile wimax application aperto support frequenciesboth license world,Mobile,0.793,IoT,0.78,5G Networks,0.78
179,3217,Aperza,aperza mission contribute redesigning manufacture industry eliminate barrier industry barrier information transaction communication company people face industry manufacturing industry japanese core industry like contribute rebirth industry activity support company challenge global market support start up try brand new industry trend industry smart factory believe lead increase people industry growth industry eventually,Future of Work,0.737,Industrial IoT,0.726,Social Networks,0.723
180,2621,Aphetor,aphetor change game giving bear digital generation sport term world good content creator compete kind entertaining challenge audience love create huge ecosystem snackable sharable content format channel consume,Creator Economy,0.821,Social Networks,0.816,Metaverse,0.804
181,2118,Apiary-Book,help beekeeper world well inform decision provide complete solution management monitoring analyze datum bee colony environmental factor affect health beekeeper line defense mission protect planet bee order overcome challenge modern beekeepe provide complete platform allow data collection analysis good practice define stakeholder involve apiculture industry,Analytics,0.782,Future of Work,0.771,Business Intelligence,0.766
182,10436,Apica,apica provide effective technology optimize performance cloud mobile application apica webexcellence suite offer company developer alike easy use cloud base load testing web performance monitoring tool test application maximum capacity daily performance improve load times protection peak load,Cloud Computing,0.837,Data Storage,0.833,Cloud Infrastructure,0.832
183,7270,Apolitical,apoliticalis global learning platform government help government transform connect public servant late good idea skill partner mission accelerate transformation government apolitical ten thousand public servant country mayor minister millennial digital innovator name fast company innovative company world,Creator Economy,0.78,Future of Work,0.757,Analytics,0.756
184,3492,Apollo-Agriculture,apollo help farmer emerge market maximize profit company use agronomic machine learn remote sense mobile phone deliver customize package credit high quality farm input advice double farm yield start kenya apolloassesse farmer credit risk customize package farmer specific location usingsatellite datum soil datum farmer behavior datum crop yield model,Analytics,0.77,DeFi,0.765,Business Intelligence,0.757
185,2585,Appear-Here,appear online marketplace retail space company found facilitated opening store uk france appear raise total vc funding previous backer spotify pinterest hailo trivago,Creator Economy,0.821,Retail,0.773,DeFi,0.766
186,938,AppExtras,appextras cross promotion network mobile application publisher publisher ability earn extra cash recommend new application exist user appextras enable mobile app publisher increase earning protect brand publisher curate app recommendation launch corey cotter glenn marcus,Creator Economy,0.829,Social Networks,0.797,Mobile,0.793
187,8336,AppGyver,appgyver provider innovative tool code development suitable novice season developer alike appgyver create user friendly business drive tool rapid app creation appgyver composer let company developer create distribute sophisticated business business business employee app appgyver tool trust user fortune company,Creator Economy,0.781,Analytics,0.779,Social Networks,0.778
188,7264,Applied,apply essential platform debiase hire anonymizing application leverage skill base methodology building transparency analytic step process platform identify vital talent overlook organization transform way hire discover good candidate help usher world feel sense inclusion equity belong,Future of Work,0.821,Analytics,0.814,Productivity,0.811
189,9916,Applied-Blockchain,apply blockchain build business application advanced cryptography provide superior datum security data privacy specialise privacy enhance technology distribute ledger build application enterprise startup financial service energy aviation automotive supply chain commodity telecom legal medical property recruitment large client shell investor,InsurTech,0.868,FinTech,0.864,DeFi,0.862
190,8472,Applifier,applifier cross promotion network social games application aug applifier reach mau work social application facebook applifier help social application grow provide portfolio application cross promote applifier user social application find high quality application use turn originating appklication get new viral user spend money,Creator Economy,0.706,Social Networks,0.703,Mobile,0.681
191,7235,Appredict,appredict ltd data analysis company specialise analyse understand development lifecycle app provide information app developer help maximise revenue stream product,Platforms,0.849,Analytics,0.837,AdTech,0.824
192,3138,AppsFlyer,appsflyer help brand good choice business customer advance measurement data analytic deep link engagement fraud protection datum clean room privacy preserve technology build idea brand increase customer privacy provide exceptional experience appsflyer empower thousand creator technology partner create well meaningful customer relationship learn visit,Social Networks,0.807,MarTech,0.791,Creator Economy,0.785
193,907,Appwrite,appwrite cut time cost require build modern application abstract simplify common development task rest apis help develop app fast secure way,Developer Tools,0.87,API-First,0.861,Big Data,0.85
194,9712,Apricity,apricity world virtual fertility clinic aim disrupt fertility treatment experience improve chance woman couple difficulty conceive datum artificial intelligence project lead prominent entrepreneur medical practitioner commit executive datum scientist prove track record,Future of Work,0.822,Analytics,0.81,Longevity,0.81
195,4900,Aptatek-Biosciences,aptatek develop diagnosis monitor inborn disease centralize laboratory aptatek core technology base dna aptamer sequence detect small molecule biomarker blood pressure identify large range marker analyze laboratory,Genomics,0.853,Longevity,0.799,BioTech,0.781
196,4702,Aqdot,aqdot technology allow raw material efficient way manufacture microcapsule lead low energy consumption waste potential application include encapsulate enzyme laundry detergent encapsulate fertiliser agrochemical sector microencapsulation multi annum industry establish application household personal care food agrochemical market,Semiconductors,0.756,Carbon Capture,0.748,Gut Microbiome,0.737
197,7814,Aquapak-Polymers,aquapak polymer developer polyvinyl alcohol resin product company provide polymer base resin material enable circular economy aquapak polymer technology material water soluble formulate biodegrade product,3D Printing,0.823,Materials,0.803,Circular Economy,0.783
198,2884,Aquapharm-Biodiscovery,aquapharm innovative drug discovery company focusse develop new product found chemical diversity marine micro organism core focus development novel pharmaceutical compound lead development novel antibiotic target gram negative gram positive infection addition aquapharm development pipeline feed active discovery portfolio anti oxidant anti inflammatorie novel biocatalyst,BioTech,0.767,Genomics,0.756,Psychedelics,0.749
199,7495,Archemix,archemix biotechnology company engage discover develop commercialize aptamer therapeutic prevention treatment chronic acute disease massachusetts aptamer product candidate include thrombotic microangiopathyie carotid endarterectomy surgical procedure company offer product candidate cardiovascular hematology oncology disease archemix incorporate base cambridge massachusetts,Genomics,0.77,Psychedelics,0.76,Health Tech,0.759
