id,name,cb_description,industry1,score1,industry2,score2,industry3,score3
1820,0xKYC,modular knowledge system identity credential management reimagine create knowledge proof zkps prove ofac sanction year age know fraud wallet list,Cybersecurity,0.379,RegTech,0.375,FinTech,0.369
3640,10X-Genomics,genomic create revolutionary dna sequence technology help researcher well identify subtle variation overlook technology shre biological sample tiny fragment sequence short stretch computer assemble genome,Life Sciences,0.434,Genomics,0.415,BioTech,0.409
9594,111Skin,commit positive luxury skincare push boundary technological change establish sustainable philanthropic female lead future skincare addition source ethical material cut edge ingredient,Beauty,0.528,Fashion,0.352,SexTech,0.345
473,1stdibs,internet company offer marketplace rare desirable object furniture fashion fine art jewelry feature online base platform connect respected dealer maker sophisticated collector share pursuit beautiful design,E-commerce,0.44,Retail,0.418,Design,0.412
7956,1v1Me,application allow user play match favorite video game cash community meet play member company found base new york,Gaming,0.404,Esports,0.396,Sharing Economy,0.39
9457,21sportsgroup,online sport good retailer offer selection running shoe bicycle apparel accessory amateur athlete runner cyclist triathlete right professional athlete market range sporting good mainly area outdoor action run cycling triathlon sport combine e commerce retail business reduce gap online offline retail service product company available immediate shipping found jrg mayer based mannheim baden wurttemberg,Fashion,0.432,Retail,0.346,Esports,0.322
917,24Symbols,solution read digital book read device internet connection allow read read device internet conection ereader smartphone ipad laptop,Mobile,0.291,FinTech,0.288,EdTech,0.278
5470,2GIS,international technology company develop service comfortable life city mission help people live city expensive company russian internet accord forbes main product company city information service bring map navigator business directory monthly active user service cover city country available free mobile application io android,Platforms,0.321,MarTech,0.314,Travel,0.3
5958,352-Medical-Group,local organisation trust healthcare professional clinic hospital provide excellence choice diagnosis education treatment health need mission world class provider healthcare solution put patient forefront aim group preferred choice patient healthcare professional,Healthcare,0.403,Health Tech,0.357,Sharing Economy,0.297
4004,365-Response,response unique software service organisation different create solution directly respond specific challenge collaborate client multiple sector understand detailed requirement identify gap accordingly implement solution response team unique combination fast pace innovative approach establish system unparalleled industry experience proud solution help client achieve improved service level significant cost saving,Platforms,0.428,Productivity,0.393,Sharing Economy,0.323
5635,365Scores,cross platform application enable user create personalized sport channel individual live score news form media channel video highlight statistic fixture standing tweet cover major sport platform available language,Esports,0.517,Media,0.415,Social Networks,0.352
4797,3Box,storage simple secure private design app store data user lighter trustworthy enjoy reduce datum management liability,Cloud Computing,0.495,Data Infrastructure,0.495,Data Storage,0.487
8364,3D-Robotics,make advanced drone technology easily accessible construction mining surveying industry use datum analysis help user land mapping site scan service collect accurate aerial datum jobsite turn urn drone photo map model point cloud provide comprehensive onboarde ongoing support enable client batter informed decision relate construction site found headquartered berkeley california,Defense,0.474,AgTech,0.41,PropTech,0.369
3918,3sun-Group,limited subsidiary provide hydraulic control instrumentation product service oil gas sector worldwide furthermore offer skilled technician installation servicing wind turbine offshore application onsite testing inspection service oil gas renewable asset technical vocational training service united kingdom europe limited found base great yarmouth united kingdom,Industrial IoT,0.272,Human Resources,0.268,RegTech,0.267
1767,40-Partners-Ltd,produce talent broadcaster brand short form feature length studio go bit different hopefully game changer talent stay touch course year,Entertainment,0.448,Gaming,0.305,Esports,0.294
1351,42Lab,modular portable affordable biotech laboratory student science technology engineering mathematic stem education require oecd country school struggle introduce biotechnology student high equipment cost troublesome experiment preparation solve problem provide portable modular biotech equipment student conduct experiment companion app serve electronic manual student management tool teacher vision bring biotech experience student like raspberry pi computer science,EdTech,0.376,AgTech,0.325,Deep Tech,0.295
8307,4-Antibody-AG,antibody ag develop human antibody drug discovery platform generate antibody therapeutic focus immuno oncology technology platform retrocyte display design generate therapeutic antibody drug candidate incorporate human antibody library express mammalian b lineage lymphocyte company develop preclinical checkpoint antibody program target gitr antibody ag found base basel switzerland,BioTech,0.522,Life Sciences,0.453,Longevity,0.294
6524,5Mins,s gamified learn platform design help employee improve skill curate short form video content lead creator world make available team business adaptive gamifie learn engine,EdTech,0.562,Gaming,0.466,Creator Economy,0.379
1504,7bridges,smart logistic platform deliver visibility control logistic process unify data operation enable access global supplier ecosystem world class sustainable logistic operation rapidly achievable reality platform realize future proof sustainable logistic scalable competitive profit growth drive edge,E-commerce,0.429,Supply Chains,0.422,Physical Storage,0.407
4084,7digital,global leader end end digital music solution core business provision robust scalable technical infrastructure extensive global music right create music streaming radio service diverse range customer include consumer brand mobile carrier broadcaster automotive system record label retailer offer radio production music curation service editorial strategy content management expertise,Entertainment,0.424,MarTech,0.421,Creator Economy,0.42
432,7TM-Pharma,pharma biotech company discover develop drug primary therapeutic focus diabetes gastrointestinal metabolic asthma vascular disease company offer transmembrane span receptor include small molecule receptor antagonist npy selective agonist gastrointestinal disorder short bowel syndrome antagonist oral drug inflammatory respiratory disease pharma found base lyngby hovedstaden,Life Sciences,0.497,BioTech,0.429,Genomics,0.226
3403,8fit,app help build healthy habit life simple solution support user worldwide individual journey healthier happy life push progress perfection choose good solution quick fix enjoy journey healthiest mind body understand obstacle people face fitness journey not easy s size fit way find lifelong health s building engage approachable way people achieve personal fitness goal,Happiness & Wellbeing,0.477,Sport & Wellness,0.435,SexTech,0.34
28,8tracks-Radio,internet radio social network streams user curate song playlist contain track handcraft internet radio network social alternative pandora listener tune online mixtape track curate people know love music stream legal radio style manner,Creator Economy,0.424,Video/Audio,0.37,Media,0.341
1382,AarogyaAI,aarogyaai artificial intelligence base software service diagnose drug resistant tuberculosis aarogyaai use dna sequence patient upload machine learn algorithm give output report comprehensive drug susceptibility status patient,Life Sciences,0.398,Healthcare,0.341,Health Tech,0.327
5266,Abacum,abacum saas help finance team deliver business insight abacum collaborative workflow planning platform smb finance team boost productivity strategic impact company believe empower people good collaborative tool multiply strategic impact organization fulfil,Future of Work,0.4,Productivity,0.393,Economic Empowerment,0.386
258,Abacus.AI,abacus ai artificial intelligence research cloud service company help organization design train operationalize machine deep learning model allow organization plug play deep learning system exist customer experience business process company found base san francisco california,RegTech,0.442,LegalTech,0.41,Automation,0.403
3853,Abacus-e-Media,abacus e medium bring digital expertise industry specialist creative thinking design build website work believe develop technical solution forge commercial objective business brand strategy produce interactive engage user experience,EdTech,0.453,MarTech,0.445,Design,0.436
6113,ABA-English,aba english lead digital academy english learning student worldwide headquartered barcelona talented team compose professional country aba english stand unique methodology combine technology pedagogy interaction real teacher mission guide student learn journey empower effective tool achieve goal quickly efficiently aba english recognize good educational app reimagine education award feature apple google educational app,EdTech,0.521,Economic Empowerment,0.322,Human Resources,0.242
10663,ABAX,abax developer supplier car logbook car tracker system fleet control software equipment control technology business operate company vehicle product world lead respective field help numerous customer reduce overall fuel spend company vehicle eliminate risk tax penalty,Automotive,0.409,RegTech,0.408,Logistics,0.404
6511,Abcodia,abcodia biotechnology company focus discovery validation biomarker cancer screen unique longitudinal serum biobank partnerships ucl technology platform provider lead commercial diagnostic company abcodia able support end end diagnostic development process abcodia found base cambridge uk,Life Sciences,0.46,BioTech,0.319,Professional Services,0.274
9786,Abhi,abhi financial wellness platform provide employee salary advance base accrue wage abhi salary advance app plan change game people spend money allow user withdraw portion accrue salary bank account help employer reduce workload hr finance department facilitate employee need abhi found base pakistan,Professional Services,0.415,Economic Empowerment,0.4,Human Resources,0.387
3255,ABK-Biomedical,abk biomedical combine clinical market biomaterial specialize improve treatment option patient hypervascular tumor company dedicated transform interventional radiology procedure call embolization,Healthcare,0.269,Life Sciences,0.247,Health Tech,0.213
5750,Ablynx,ablynx biopharmaceutical company engage discovery development nanobodie novel class therapeutic protein base single domain antibody fragment range human disease include inflammation haematology oncology pulmonary disease today company approximately project pipeline nanobodie clinical development,Life Sciences,0.475,BioTech,0.469,Nano,0.369
3527,Abogen-Biosciences,abogen bioscience discovery stage biotechnology company focus develop nucleic acid base rna dna therapeutic treatment cancer infectious disease,Life Sciences,0.549,BioTech,0.539,Genomics,0.351
7990,Abokado,abokado own operate chain food bar restaurant united kingdom offer sushi wraps breakfast juice smoothie drink cake fruit salad soup stir fry asian food abokado supply lunch company mark lilley wife lindsey found headquarters london united kingdom,Food & Beverage,0.361,Physical Storage,0.216,Retail,0.213
3174,AbsolutData,absolutdata consulting orient analytic research firm number fortune client wide variety industry country navik ai platform enterprise blend ai technology datum analytic serve intelligence layer forward think company,LegalTech,0.494,Future of Work,0.453,RegTech,0.446
3436,Acacia-Pharma,acacia pharma pharmaceutical company discover develop supportive care drug company focus cancer supportive care product include injectable formulation oral drug use nausea vomiting use cancer cachexia intravenous formulation use prevention treatment nausea vomiting company concentrate discovery effort cancer relate fatigue cancer cachexia xerostomia acacia pharma incorporate base cambridge united kingdom,Life Sciences,0.33,Beauty,0.312,BioTech,0.292
4672,ACAL-Energy,acal energy developer fuel cell system module consumable chemical range use include stationary residential automotive application require large kw power innovative design deliver substantial cost saving fuel cell system performance improvement pem proton exchange membrane accelerate adoption pem fuel cell technology key market,Energy Storage,0.351,Electrification,0.347,Energy Efficiency,0.324
739,Accelerated-Payments,accelerated payment enable sme expand grow allow advance cash specific individual invoice accelerate payment create entrepreneur year experience financial service start run business,E-commerce,0.441,Economic Empowerment,0.431,FinTech,0.422
4924,AccelerComm,accelercomm exciting semiconductor ip core company provide solution accelerate generation wireless communication rel rel technology solve bottleneck limit speed generation wireless communication error correction decode required overcome effect noise interference poor signal strength,IoT,0.333,Manufacturing,0.292,Hardware,0.282
6388,Access-Bank,access bank provide banking product service individual business customer ghana offer standard saving current access advantage solo premier account company provide online banking service include atm online access point sale terminal service bill payment western union money transfer service,FinTech,0.45,Payments,0.376,E-commerce,0.362
6483,AccessFintech,accessfintech offer risk management service bank buyside firm track trade lifecycle help firm track trade lifecycle true sense prioritize risk increase number system access fintech bring fintech providers house technology orchestrate interaction distribute provider create single visual display risk financial transaction global sharable view,FinTech,0.44,RegTech,0.415,Payments,0.341
10138,Access-Intelligence,access intelligence b b medium information company headquarter rockville serve energy defense healthcare management chemical satellite aviation cable medium public relation market,RegTech,0.347,Physical Storage,0.297,Food & Beverage,0.297
3427,Accuri-Cytometers,accuri cytometer found address compelling need life scientist love rapid cell cell analysis capability flow cytometer flow cytometer lab barrier researcher include cost instrument complexity software effort require maintenance large bench space require instrument result company look develop affordable robust cytometer,Longevity,0.31,AgTech,0.247,MedTech,0.245
10601,Accutrainee,accutrainee found run solicitor understand legal industry challenge deliver legal service client critical need commercial approach whilst stay sensitive partnership ethos profession understand trainee process having experience hand,LegalTech,0.469,Professional Services,0.417,E-commerce,0.309
8817,AccuVein,accuvein specialize vein visualization technology flagship product hand hold non contact vein illumination solution allow healthcare professional map peripheral vein skin surface goal access avoid vein build proprietary technology embody grow patent portfolio cover broad range image medical diagnostic technology company found headquartered medford new york,MedTech,0.396,Beauty,0.335,Healthcare,0.332
7247,Acea-Health,acea health digital healthcare company develop application call flynote new digital consent platform flynote analyse number factor include patient background deliver personalise risk benefit flynote aim solution consent healthcare,Health Tech,0.395,Healthcare,0.352,FinTech,0.35
6553,Acesion-Pharma,acesion pharma developer medical drug design treatment atrial fibrillation company medical drug develop treatment atrial fibrillation common type cardiac arrhythmia follow concept inhibit type ion channel heart cell involve generate electrical signal regulate heart rhythm provide consumer chronic treatment prevent recurrence af maintain normal heart rhythm,Life Sciences,0.339,BioTech,0.311,Healthcare,0.302
6532,Achilles-Therapeutics,achille therapeutic developer immunotherapy intend offer generation patient specific therapy treat cancer company immunotherapie harness immune system destroy cancer cell target truncal tumor neo antigen flag immune system present surface cancer cell enable scientist target destroy tumor harm healthy tissue,BioTech,0.418,Life Sciences,0.318,Longevity,0.252
7485,Achillion-Pharmaceuticals,achillion drive transform live patient family affect disease complement system integral innate immune system scientific clinical evidence implicate complement system specifically complement alternative pathway ap numerous devastating disease condition principal focus achillion advance clinical stage portfolio orally administer factor d inhibitor late stage development potential commercialization patient devastating disorder complement system,BioTech,0.306,Life Sciences,0.291,Gut Microbiome,0.228
10086,Acousticeye,acousticeye establish tal pechter noam amir bring acoustic technology ndt non destructive testing industry company develop manufacturer market mobile embed tube inspection device acousticeye patent pende technology offer accurate rapid single point inspection inaccessible tube company dolphin system unique ability quickly find accurately locate defect complex tube system regardless material need physically traverse probe tube,MedTech,0.316,OceanTech,0.295,Healthcare,0.283
10194,Acre,acre rebuild uks mortgage market ground vertically integrate mortgage stack new end end platform broker lender,Economic Empowerment,0.231,FinTech,0.213,Cloud Ops,0.209
4981,AcreTrader,acretrader agricultural real estate invest platform help buyer buy share farmland online platform acretrader provide transparency flexibility ease use people want invest farmland handling aspect administration property management insurance account work local farmer improve soil sustainability company found headquartered fayetteville arkansas,AgTech,0.446,PropTech,0.384,Sharing Economy,0.29
3893,ACS-Clothing,acs provider men hirewear lead retailer uk ireland wtih extensive range formalwear highlandwear provide outfits wearer year range garment available hire found company grow year proud supply large menswear retailer uk,Fashion,0.401,Retail,0.398,Procurement,0.358
7159,Actionality,actionality offer mobile marketing technology solution company adflextm platform enable user develop mobile commercial standardized format campaign logic support update rotation modification interaction reporting serve advertiser mobile operator content providers asia europe company found base munich germany sale office berlin germany hong kong hong kong july actionality subsidiary yahoo,AdTech,0.33,MarTech,0.326,Mobile,0.318
3073,Actronika,actronika build haptic platform enable seamless system integration actronika leader haptics technology provide cut edge vibrotactile module integrate client system actronika develop human machine interface solution patent haptic technology human bear touch order form relationship learn engaged environment face digitize world mission engage people tangible material experience hardware software possible,Future of Work,0.348,EdTech,0.286,Industrial Tech,0.284
20,Acutus-Medical,acutus medical develop medical technology treat complex cardiac arrhythmia company platform display heart true activation pattern turn chaos complex arrhythmia clear vision electrophysiologists acutus medical privately fund company found base carlsbad california products co develop europe exceptional team medical scientist biomedical engineer professional found headquartered carlsbad california,Life Sciences,0.307,LegalTech,0.285,Healthcare,0.282
1262,Adaface,adaface build conversational ai ada round tech interview candidate love interview turn ada analyse candidates think process timely hint ask follow question accurately gauge skill ada shortlist qualified candidate role company invest time engage candidate,Search,0.364,Human Resources,0.355,RegTech,0.333
3279,Adagene,adagene clinical stage biotech company specialize develop immuno oncology antibodie novel epitope proprietary smart antibody technology increase success rate substantially accelerate time market reduce cost associate develop therapeutic antibody,BioTech,0.48,Life Sciences,0.414,Longevity,0.277
321,Adallom,found cyber defense veteran adallom gartner cool vendor cloud access security broker deliver visibility governance protection cloud application innovative platform simple deploy seamless user available saas base prem solution power smartengine advanced heuristic back elite cybersecurity research team adallom make easy protect data cloud adallom abbreviation hebrew say ad halom literally mean line defense information visit follow,Cybersecurity,0.46,Cloud Computing,0.444,RegTech,0.429
5787,Adaptate-Biotherapeutics,adaptate biotherapeutic company develop antibody modulate gamma delta t cells situ company found adrian hayday headquartered london,BioTech,0.346,Longevity,0.289,Life Sciences,0.259
9851,ADC-Biotechnology,adc bio develop new process technology help drug developer meet conjugation process challenge test production new antibody drug conjugate anti cancer drug technology signal fast simple costly development exciting new family drug,Life Sciences,0.541,BioTech,0.518,Longevity,0.339
10620,ADC-Therapeutics,adc therapeutic clinical stage oncology drug discovery development company focus advance highly potent target antibody drug conjugate adcs treatment hematological cancer solid tumor adcs develop late generation pyrrolobenzodiazepine pbd dimer technology provide superior therapeutic index compare generation pbd adcs preclinical study pbd dimer potent toxin actively kill cancer cell differentiate mechanism action warhead commonly adcs,Life Sciences,0.474,BioTech,0.463,Psychedelics,0.304
5062,Addition-Wealth,addition wealth holistic financial wellness platform empower employee smart informed financial decision take tech forward approach combine digital tool online event expert content access financial professional addition make personalized financial expertise inclusive accessible employee addition partner forward think employer help employee money,FinTech,0.429,Professional Services,0.422,Economic Empowerment,0.412
3020,Adepto,adepto pioneering way company view manage entire workforce ve create total talent ecosystem bring internal external worker place point solution complete solution start brisbane australia global operation tribe hard work dedicated diverse mind passionate create solution organisation people centre,Future of Work,0.423,Human Resources,0.403,Economic Empowerment,0.343
3863,Adept-Technology-Group,adept technology group plc provider communication solution adept unite communication innovation use technology bring idea solution business help succeed simply deliver product service help business grow competitive increase profitability improve way communicate customer employee,Communications,0.354,Future of Work,0.34,Retail,0.321
3957,Adestra,adestra empower client maximize marketing roi email drive technology year flexible account structure obsession customer success award win service gain trust global enterprise grow brand alike found principle marketing success take technology s customer service heart business software service software service adestra office dallas oxford london sydney boston,MarTech,0.508,AdTech,0.477,Sharing Economy,0.425
5565,Adfenix,adfenix collect sense world real estate datum adfenix platform estate agent empower help consumer journey buy new home offer quality advertising product relate service click button,AdTech,0.469,Platforms,0.43,MarTech,0.382
5791,Adiana,adiana engage development testing transcervical sterilization system permanent birth control develop complete tcs consist radiofrequency generator delivery catheter implantable matrix company found base redwood city california march adiana subsidiary cytyc,MedTech,0.368,Healthcare,0.34,FemTech,0.306
6702,Adikteev,adikteev lead app engagement platform performance drive marketer consistently rank appsflyer performance index adikteev help world spend game app publisher increase retention reacquire churn user drive incremental revenue thank measure engagement strategy creative algorithm adikteev serve customer world office emea,MarTech,0.431,Sharing Economy,0.393,Platforms,0.38
4175,Adjug,adjug online advertising marketplace connect buyer seller online advertising provide transparency control choice publisher control online inventory increase earning advertiser run well campaign know conversion traffic come adjug found satish jayakumar michael stephanblome idea improve way advertising gets buy sell ad network connect advertiser publisher directly adjug seek europe lead online advertising marketplace,AdTech,0.581,Mobile,0.426,MarTech,0.424
9546,ADMA-Biologics,adma specialty immune globulin company develop manufacture intend market plasma base biologic target niche patient population treatment prevention certain infectious disease companys target patient population include immune compromise individual suffer underlie immune deficiency disease immune suppress medical reason adma operate adma biocenter fda license source plasma collection facility provide portion blood plasma manufacturing company lead product candidate,BioTech,0.39,Life Sciences,0.358,AdTech,0.325
10703,Adona-Medical,adona medical privately hold portfolio company shifame innovate interventional approach heart failure complex progressive condition impact approximately patient patient globally adona platform overcome shortcoming exist treatment option enable provider improve care heart failure patient,Healthcare,0.292,Happiness & Wellbeing,0.285,AdTech,0.274
6666,Adsum,adsum fintech company proprietary tech identify client tax credit maximize deliver client account hour handle entire reclaim process client focus investment growth adsum headquarter london england found,AdTech,0.426,Platforms,0.413,FinTech,0.369
3470,Advance-Intelligence-Group,advance intelligence group ai drive technology company asia pacific found leverage innovative technology partnership build ecosystem product service serve consumer enterprise merchant,RegTech,0.479,Platforms,0.434,LegalTech,0.434
10212,Advantage-Club,advantage club provide ai drive platform intend drive employee engagement deliver program connect benefit brand organization client employee company intend provide end end solution facilitate meaningful client employee engagement exclusive privilege reward provide brand partner,Human Resources,0.47,Sharing Economy,0.435,Future of Work,0.405
6721,Adviva,adviva operate european online advertising network target brand advertiser behavioural contextual target technology adviva connect advertiser european consumer want reach,AdTech,0.595,Mobile,0.436,MarTech,0.416
2430,Advizzo,want use behavioural science enrich people live insight household datum change way people think water gas electricity world preserve natural resource,Happiness & Wellbeing,0.28,Energy Efficiency,0.271,Infrastructure Tech,0.258
29,Adyen,adyen operate technology company netherlands brazil singapore united kingdom canada australia south korea hong kong mexico china new zealand malaysia india japan united states offer adyen platform integrate gateway risk management processing acquire settlement payment directly connect merchant visa mastercard payment method sale channel include merchant online mobile point sale channel pieter van der found adyen headquarters amsterdam netherlands,Retail,0.341,Professional Services,0.338,AdTech,0.325
7489,AEA-Technology,aea lead energy climate change consultancy deliver visionary integrate environmental solution worldwide assist government evidence base policy development solve environmental challenge improve organisational performance,Energy Efficiency,0.396,Climate Tech/CleanTech,0.379,Carbon Capture,0.345
10,Aegerion-Pharmaceuticals,aegerion pharmaceutical biopharmaceutical company engage development commercialization therapeutic pharmaceutical treat cardiovascular metabolic disease develop lomitapide microsomal triglyceride transfer protein inhibitor small molecule drug decrease serum lipid include cholesterol triglyceride treat atherosclerosis dyslipidemia obesity pancreatitis company focus product evaluation treatment hyperlipidemia aegerion pharmaceutical incorporate headquartered bridgewater new jersey,Life Sciences,0.417,BioTech,0.297,Food & Beverage,0.265
6768,Aerones,aerone innovative company develop robotic technology wind turbine blade maintenance service company found headquartered san jose california united states,Deep Tech,0.373,Industrial Tech,0.314,Future of Work,0.294
9044,Aether-Bio,aether bio developer machine learn technology purpose enzyme order create new compound technology utilize machine learn combine high throughput robotic laboratory create entirely new compound reinvent production previously discover compound enable healthcare institutes chemical material need cheap sustainable company proprietary hardware allow massively parallelize experimentation generating dataset order magnitude large competition,Deep Tech,0.406,Life Sciences,0.387,BioTech,0.379
2215,AFC-Wimbledon,afc wimbledon continuation wimbledon football club long exist franchising league place milton keynes team win fa cup notably rise dead look come home plough lane,Esports,0.254,Travel,0.155,Longevity,0.148
754,Africa-Logistic-Properties,africa logistics property alp integrated property investment development property company dedicate modern grade logistic industrial sector africa base nairobi management team include senior property professional year industrial investment experience emerge market alp back global institutional investor,Supply Chains,0.439,Transportation,0.381,Physical Storage,0.352
780,Afrocenchix,afro haircare market grow fast big player not understand customer problem ve problem customer centric datum drive approach afrocenchix help formulate manufacture sell bottle safe effective product far award win product feature publication vogue indy good list average star review customer getting start,Beauty,0.454,Retail,0.306,E-commerce,0.304
5924,Agar-Scientific,agar lead manufacturer distributor scientific laboratory equipment focus electron microscopy consumable found alan agar company enjoy global recognition provider high quality component excellent customer service,Manufacturing,0.301,Robotics,0.23,Deep Tech,0.204
10408,Agilyx,believe time right expand advanced recycling give post use plastic new circular life convert valuable material original building block reuse enable plastic circularity global commercial scale aim play vital role accelerate shift low carbon economy co found cyclyx international waste plastic management company work directly industry participant engineer customize plastic recovery program supply advanced chemical recycling facility,Circular Economy,0.578,Climate Tech/CleanTech,0.497,GreenTech,0.434
6158,AGNITiO,agnitio worldwide market leader voice i d product agnitio voice i d government organization prevent crime identify criminal provide evidence court agnitio extensive customer base include lead police intelligence military government organization country agnitio voice i d product number lead customer partner contact center financial service telecommunication enterprise security sector,LegalTech,0.292,Communications,0.285,Professional Services,0.273
4453,AgPlus-diagnostics,agplus diagnostic develop diagnostic platform technology deliver demand market requirement true quantitative poc product use wide range clinical application,Life Sciences,0.338,MedTech,0.336,Healthcare,0.278
6875,Agriconomie,agriconomie agtech e commerce company provide farmer variety online tool include purchase support personalize advice information source share input supplier offer datum service advertising software supplier service division company found clment le fournis paolin pascot dinh nguyen,AgTech,0.432,Food & Beverage,0.366,AdTech,0.344
9245,AgriWebb,agriwebb software company focus livestock production industry product enable simplified farm data collection analysis improve management efficiency decision make benchmarke transparency integrate horizontal vertical supply chain agriwebbs founder come generation livestock production aim transform livestock industry datum drive decision make build intuitive farm datum recording,AgTech,0.517,Big Data,0.444,Analytics,0.441
1338,Agrosight,agrosight analytic company help agronomist farm unit integrate new stream unique valuable data decision make process agrosight detect plant disease early hyper spectral signal dramatically reduce cost food production,AgTech,0.375,Food & Beverage,0.31,Business Intelligence,0.309
4774,Aidence,aidence rally datum scientist software engineer medical regulatory business professional provide intelligent software lung cancer pathway clinical application veye lung nodule ai solution pulmonary nodule management ct veye run routine practice lung cancer screen programme europe,LegalTech,0.411,RegTech,0.397,Health Tech,0.387
3517,AI-Medical-Service,ai medical service start company develop artificial intelligence bring wisdom japanese endoscopic specialist contribute development endoscopic medical care worldwide,Health Tech,0.434,LegalTech,0.418,InsurTech,0.355
1368,AIMLedge,aimledge develop software platform automate development deployment customize deep learning software edge device brand computing ability specialize optimize solution low end commodity camera platform reduce development time solution enable plug play deployment vision democratize cut edge ai iot business industry size,Edge Computing,0.456,Automation,0.444,Robotics,0.386
3573,AInnovation,ainnovation own operate company offer product service base artificial intelligence different company platform use technology recognition vision computer learn machine process natural language offer advantage efficiency algorithm permit company improve productivity performance enable business enhance efficiency value achieve digital transformation,LegalTech,0.416,Future of Work,0.409,RegTech,0.369
1219,Ai-Palette,ai palette world artificial intelligence platform fmcg product innovation ai palette create win product concept line brand personality exist product portfolio garner insight million digital conversation couple company datum create product concept address unmet need consumer,Design,0.468,MarTech,0.408,RegTech,0.407
10231,Airex,airex smart ventilation control build intelligent air ventilation unit atmospheric sensor cloud algorithm company develop retrofit smart ventilation control system control airflow air brick owner benefit decrease energy bill warm home enhance thermal comfort healthy home minimal disturbance compromise air quality smart algorithm allow automatic air flow regulation take account local weather air quality datum airex found headquartered london,Industrial IoT,0.382,Energy Efficiency,0.367,PropTech,0.358
2082,AirPublic,airpublic provide world city citizen dynamic granular representative datum air pollution currently available develop expertise apply iot environmental sensing emerge smart city revolution,Infrastructure Tech,0.397,Carbon Capture,0.374,Connected Life,0.344
6136,AirSense-Wireless,airsense wireless european market leader wi fi cellular network interoperability work mobile network operator wi fi network enable seamless switch network demand wireless service increase need airsense wireless technology airsense wireless mission change mobile datum forever,Mobile,0.413,IoT,0.354,PropTech,0.346
6552,Airstrip-Technologies,airstrip technology platform securely deliver critical patient information include virtual real time waveform datum directly hospital monitoring system doctor nurse smart phone laptop desktop platform completely reusable scalable datum independent employ healthcare enterprise,Health Tech,0.459,MedTech,0.449,Healthcare,0.434
2641,Airsupply,airsupply demand teacher marketplace provide vet verify substitute supply teacher help school save money pay teacher,EdTech,0.358,Social Impact,0.319,Procurement,0.287
8828,Airvet,airvet telehealth platform design offer continuity care pet parent veterinarian aim support strengthen exist relationship veterinarian client veterinarian engage client pet parent video real time chat drive clinic revenue create continuity care achievable innovative veterinary community company found headquartered los angeles california,Healthcare,0.418,Health Tech,0.397,Beauty,0.324
5236,Aiven,aiven technology drive company enable business manage open source datum infrastructure cloud headquarter helsinki office berlin sydney toronto boston aiven provide manage open source data technology like postgresql kafka major cloud enable customer drive business result open source trigger true transformation far backyard,Data Management,0.539,Data Infrastructure,0.522,Data Centers,0.494
5934,Ajenta,globally focus business work closely client create simple cost effective communication tool change way people collaborate,Future of Work,0.421,Productivity,0.358,Social Networks,0.347
6049,Akeero,akeero assist devop product security team design deliver secure cloud infrastructure begin develop automate threat model platform assist product team produce buggy product customer use product build threat model gain visibility cyber asset achieve compliance,RegTech,0.39,Cybersecurity,0.384,LegalTech,0.374
5693,Akoni-Hub,akoni tech startup currently build business focus cash deposit marketplace sme future expansion sme product aim use technology machine learn improve financial outcome business,FinTech,0.413,Economic Empowerment,0.373,Mobile,0.358
4358,Akrivia-Health,akrivia health provide datum research clinical trial optimization molecular characterization mental health dementia provide assistance process early stage drug discovery market analysis clinical trial revenue management,Life Sciences,0.452,Psychedelics,0.422,BioTech,0.313
5338,Aktiia,found switzerland passion turn insight action fight hypertension aktiia groundbreaking medical technology provide people physician comprehensive insight blood pressure pattern inform diagnosis management hypertension available united kingdom aktiia receive ce mark class iia medical device signify device assess meet high safety health environmental protection requirement europe learn visit,Health Tech,0.313,Healthcare,0.266,MedTech,0.261
10708,Akura-Medical,akura medical develop generation thrombectomy device aim simplify thrombectomy easy use single pass procedure efficiently remove blood clot,Healthcare,0.266,MedTech,0.265,Business Intelligence,0.226
7016,Alaan,alaan multi currency spend management platform enable sme digitise business expense provide employee corporate card company purchase automate invoicing process,FinTech,0.473,Retail,0.415,Payments,0.409
83,Alan,alan stop health partner access healthy productive life empower body mind service include intuitive health insurance offer alan clinic navigate healthcare system alan mind mental offer thing alan people healthier happy productive new independent insurance license france french prudential supervisory authority acpr operate france belgium spain alan raise,Happiness & Wellbeing,0.419,SexTech,0.352,Sport & Wellness,0.324
5937,Alaric-Systems,alaric system limit provide soa orient payment software product bank retailer issuer acquirer service provider globally company strategic alliance hewlett packard ibm mastercard international oracle stratus technologies visa international sun microsystem alaric system limit incorporate headquartered london united kingdom international office united states malaysia australia,FinTech,0.357,Payments,0.346,Retail,0.329
6769,Alasco,alasco support project controller developer automate workflow availability financial datum place central information source increase productivity participant method decrease probability error assure comprehensive transparency fast decision make,Productivity,0.55,Future of Work,0.484,Human Resources,0.353
8866,albo,albo lead mexican challenger bank help manage money adapt lifestyle bring honest service care albo offer mobile banking app banking account mastercard card allow easily spend save invest money open account second phone having disposal personalized financing tool help assist make well financial decision able free money transfer whichever bank albo include innovate function one mention,FinTech,0.555,Payments,0.406,Professional Services,0.366
7463,Alchemab-Therapeutics,alchemab therapeutic develop natural protective antibody design people free hard treat disease company building transformative engine identify drug target develop pipeline antibody therapeutic hard treat cancer neurodegenerative condition infectious disease alchemab therapeutic establish uri laserson jane osbourn london england,BioTech,0.429,Life Sciences,0.423,Psychedelics,0.291
7128,Alderaan-Biotechnology,alderaan biotechnology biotechnology company develop antibody target new original target immuno oncology express nk cell particular,BioTech,0.489,Life Sciences,0.354,Longevity,0.315
9110,Alena,alena use neuroscience base game assess user behaviour identify think pattern drive key mental health disorder deeply understand alena suggest optimal intervention dynamically adapt user change need alena found london bring lead figure world computational neuroscience psychiatry user centric innovation learn alena website,Psychedelics,0.408,Happiness & Wellbeing,0.314,Health Tech,0.295
7263,Aleph-Alpha,aleph alpha mission transform human machine interaction research develop deploy large language model run fast european commercial ai cluster generative ai solution enable enterprise governmental organization build truly intelligent product,Future of Work,0.463,RegTech,0.401,LegalTech,0.385
10652,Alerzo,alerzo e commerce retail company provide technology service platform transform informal retail store operate offer demand inventory distribution financial service small informal store provide real time market trend customer feedback consumer purchasing datum brand manufacturer company found base ibadan nigeria,E-commerce,0.477,Retail,0.46,Physical Storage,0.403
4961,Alesi-Surgical,alesi surgical found develop commercialise product improve safety efficacy outcome surgical procedure company spin welsh institute minimal access therapy wimat lead surgical training centre uk alesi surgical unique level access experience surgeon surgical trainer trainee allow identify issue procedure design device address issue,MedTech,0.372,Healthcare,0.359,Food & Beverage,0.284
8182,Alessandro-Isola,alessandro isola high end architectural product design studio alessandro isola studio strive deliver project awareness space acknowledge gesture inherent patience understand situation importantly listen heart subject studio believe design visible aspect life limit represent challenge,Design,0.508,Creator Economy,0.304,Productivity,0.3
5826,Alexza-Pharmaceuticals,alexza pharmaceutical emerge specialty pharmaceutical company focus development commercialization novel proprietary product treatment acute intermittent condition found headquartered mountain view california,Life Sciences,0.396,Psychedelics,0.3,Healthcare,0.277
293,Algolia,algolia search service platform enable company size deliver fast relevant digital experience drive real result algolia consumer able easily find discover want web mobile voice algolia allow developer business team build optimize delightful search discovery experience increase online engagement conversion rate revenue,E-commerce,0.418,Platforms,0.371,Search,0.37
2117,Alice-SI,alice help charity raise fund base impact donor know money pay successful social programme donation hold smart contract secure blockchain donor maximum transparency impact money make goal restore public trust charity donation raise fund social mission,Social Impact,0.509,Economic Empowerment,0.413,DeFi,0.411
4920,Alimetry,alimetry health technology startup base auckland new zealand develop breakthrough solution diagnose disorder gastrointestinal gi function,Gut Microbiome,0.341,Health Tech,0.271,Life Sciences,0.264
7566,All-4-Games,games use connection channel tv uk promote market indie mobile game give developer unique access mainstream audience assistance lifecycle game development launch,Gaming,0.571,Esports,0.469,Metaverse,0.421
10484,Allmyhomes,allmyhome bring efficiency transparency complete marketing process new build real estate integrate marketing sale activity software platform allmyhome give developer information control project order datum drive agile success,PropTech,0.362,Platforms,0.357,MarTech,0.351
7378,Allocations,allocation technology company build private equity venture capital economy open enable financial inclusion person business allocation raise excess m investor august include irish angel vitalize vc allocations angels lfg venture browder capital tvc jamie rogozinski joey krug bruce menin russell galbut date allocation power private fund total approximately m volume,Economic Empowerment,0.447,Professional Services,0.409,FinTech,0.393
2925,Alloxentric,alloxentric communication platform integrate voice text design automate multi channel contact strategy cooperate dynamic ethical integrative collaborative manner purpose increase engagement experience customer,Communications,0.442,Social Networks,0.42,MarTech,0.331
8699,All-Shades-Covered,young vibrant company passionate supply select quality hair beauty product truly believe woman deserve positive transparent shopping experience asc bear desire provide want access quality hair beauty product base victoria london team young professional share desire change community dream big want consumer journey provide shopping experience deserve guarantee great product speedy delivery end phone question come beauty got cover,Beauty,0.617,Fashion,0.399,E-commerce,0.368
10807,Allylix,allylix early stage biotechnology company develop terpene product derivative flavor fragrance food ingredient pharmaceutical agricultural biofuel market product comprise nootkatone grapefruit flavor fruit juice citrus flavored soda company develop sesquiterpene aroma chemical segment flavor fragrance market production platform pharmaceutical nutraceutical agricultural market allylix found base san diego california research development laboratory lexington kentucky,Beauty,0.392,Food & Beverage,0.39,Life Sciences,0.311
5793,Alnylam-Pharmaceuticals,alnylam translation rna interference rnai new class innovative medicine potential transform live people afflict rare genetic cardio metabolic hepatic infectious central nervous system disease base nobel prize win science rnai therapeutic represent powerful clinically validate approach treatment wide range severe debilitate disease,Life Sciences,0.371,BioTech,0.366,Genomics,0.345
1375,Alpha-i,alpha predictive maintenance platform aerospace wind energy use machine learning provide actionable insight reduce downtime found alpha world class research development team back tier venture capital,RegTech,0.405,Industrial IoT,0.382,Future of Work,0.346
3384,Alpima,combine decade global market expertise late advance data science technology help professional institutional investor harness digitization finance deliver secure scalable high performance environment cloud premise offer truly personalise service scale engage digital experience client service offer brand configure fit business,Platforms,0.51,E-commerce,0.449,Sharing Economy,0.429
10423,Altacor,altacor develop bring market specialist ophthalmic product design need ophthalmologist patient altacor bring skill drug development depth market knowledge understand european regulatory environment create portfolio high quality differentiate prescription medicine set new standard sector altacor pipeline include product dry eye glaucoma glaucoma surgery ocular surgery,Beauty,0.277,Sales & CRM,0.255,OceanTech,0.252
1964,Altered-State-Machine,altered state machine aim platform protocol developer build create compete ai base agent bot upgrade train ai buy sell nft bring evolution nft,Future of Work,0.416,Automation,0.402,RegTech,0.4
6822,Altermune-Technologies,altermune technology llc newly form company focus development novel therapeutic combat resistant pathogen mrsa difficile pseudomona pandemic influenza company lead team house scientist wide network partnership include collaborative research arrangement number university usa europe corporate relationship company oligonucleotide synthesis aptamer selection,BioTech,0.503,Life Sciences,0.457,Genomics,0.387
3260,Alternative-Bio,alternative bio biotechnology company focus develop novel therapeutic target previously untapped class post translational modifying enzyme,BioTech,0.516,Life Sciences,0.479,Genomics,0.356
6720,Altitun,altitun ab provide tunable laser product line design help system vendor carrier reduce cost today drive optical network tomorrow altitun provider world complete tunable laser product line,Network Infrastructure,0.239,Deep Tech,0.217,Sales & CRM,0.216
9024,Alto-Neuroscience,alto neuroscience clinical stage biopharmaceutical company integrate biology patient drug development improve live people mental health condition ai enable biomarker platform alto neuroscience combine rich source information patient brain activity behavior rapidly develop highly effective medicine target population alto neuroscience aim replace today trial error clinical approach align right alto drug right patient redefine psychiatry time world need,Psychedelics,0.458,Life Sciences,0.395,Health Tech,0.346
9830,Altus-Pharmaceuticals,altus information technology consulting firm global impact trust strategic partner world class healthcare provider global manufacturing company financial institution lead business,Professional Services,0.358,Retail,0.332,Sales & CRM,0.329
7239,Amalyst,amalyst limited develop catalyst fuel cell electrolyser application offer electrode catalyst employ proton exchange membrane fuel cell water electrolyser provide core energy conversion function,Electrification,0.385,Infrastructure Tech,0.305,Energy Storage,0.276
7601,Amantys,amantys ltd establish bring power electronic technology develop cambridge university market company develop power electronic product high level programmability enable new exciting possibility field power electronic design,Electrification,0.421,Automotive,0.357,Energy Efficiency,0.33
7452,Amathus-Therapeutics,amathus therapeutic biotechnology firm work compound treat stress parkinson disease molecular process include oxidative stress response proteasomal degradation unfold protein response autophagy mitophagy,Life Sciences,0.376,Longevity,0.336,BioTech,0.309
8306,Am-Beo,beo global provider real time rating settlement solution communication generation service industry beo flagship product rate provide rating revenue settlement voice data content usage base service beo provide roam inter carrier roam agreement settlement,E-commerce,0.373,MarTech,0.373,Mobile,0.37
8599,Ambient-Industries,ambient industry smartphone software startup ambient industry venture fund found jane sale tristan brotherton roger nolan jane roger previously founder symbian software,Platforms,0.376,Future of Work,0.311,Creator Economy,0.303
1248,Ambify,ambify environmental health tech company develop hardware software solution monitor reduce environmental pollutant ambify focus create custom hardware software solution real time microenvironmental risk monitoring ambify found headquartered london england,AgTech,0.356,Carbon Capture,0.354,Connected Life,0.343
8794,AmbioPharm,ambiopharm manufacture company manufacture active pharmaceutical ingredient generic peptide undertake development production research grade complex peptide generic pharmaceutical active pharmaceutical ingredient pre clinical vitro medicinal toxicology program responsive business model rapid manufacturing process enable pharmaceutical biotech company peptide project preclinical clinical commercial quickly low cost,Life Sciences,0.476,BioTech,0.461,Food & Beverage,0.364
3843,Ambisense,ambisense drive innovation environmental space technology platform optimize delivery environmental risk assessment world large infrastructure project industrial waste vertical ambilytic encompass iot ml solution combine information remotely deploy field device contextual data source weather satellite geophysical operational datum build machine learning model model identify relationship pattern driver hide datum allow customer forecast predict behaviour target environmental pollutant,Industrial IoT,0.471,AgTech,0.446,Automation,0.435
10486,Ambrx,ambrx clinical stage biopharmaceutical company expand genetic code technology platform discover develop engineer precision biologic include generation antibody drug conjugate adcs bispecific target immuno oncology therapy novel cytokine modulate immune system long act therapeutic peptide metabolic cardiovascular disease ambrx advance robust portfolio clinical preclinical program design optimize efficacy safety ease use multiple therapeutic area include lead product candidate,BioTech,0.476,Life Sciences,0.454,Genomics,0.302
10638,Ambys-Medicines,ambys medicine biotechnology company focus discover develop regenerative restorative therapy ambys medicine work fundamentally transform live people suffer severe liver disease create breakthrough therapy capable restore liver function prevent progression liver disease treat devastating complication liver failure,Life Sciences,0.357,BioTech,0.34,Longevity,0.32
3974,Amdaris,amdaris deliver innovative software development product design digital transformation application support consultancy service uk headquarters eastern europe delivery centre proud work diverse range sector deliver combination exciting innovation business critical modernization project grow fast talented employee deliver outstanding customize secure software development service seamless support international customer,Future of Work,0.348,Platforms,0.335,LegalTech,0.311
3275,Amenitiz,create amenitiz believe technology key make success profitability accessible hoteli world heart paris uyuni salt flat bolivia mission build platform help owner grow manage vacation property make attract guest manage booking craft exceptional experience simple easy invite grow community help redefine future online hospitality,Travel,0.545,Sharing Economy,0.338,Metaverse,0.296
6834,Amphivena-Therapeutics,amphivena therapeutics clinical stage immuno oncology company develop platform dual function biologic amphivena restore platform provide dual action biologic relieve immune suppression activate t cell effector function cancer patient platform design integrate element avidity target selectivity enhance safety single molecule engineer additional solid tumor target modality add functionality direct tumor cell killing found headquartered south san francisco california,BioTech,0.425,Life Sciences,0.348,Genomics,0.289
3421,Amphora-Medical,amphora medical minnesota base developer medical device instrument company currently work novel cystoscopic device potential improve bladder function quality life people overactive bladder syndrome oab found headquartered minneapolis minnesota united states,MedTech,0.36,Healthcare,0.339,Beauty,0.283
6563,Amplimmune,amplimmune product drive company develop immune base biologic treat patient area cancer autoimmunity transplantation infectious disease amplimmune scientific founder johns hopkins university identify key immunological ligand receptor immunological checkpoint co stimulatory molecule basis develop new class biological treatment modulate critical mechanism body immune system aim better live patient suffer aberrant immunological condition,BioTech,0.458,Life Sciences,0.369,Longevity,0.285
7739,Amplyx-Pharmaceuticals,amplyx pharmaceuticals pre clinical stage company focus development small molecule drug enhance efficacy low toxicity amplyx employ platform approach improve small molecule drug addition small molecule exist drug company develop innovative therapy debilitate life threaten disease affect people compromise immune system amplyx pharmaceutical found headquartered san diego california,BioTech,0.384,Life Sciences,0.372,Psychedelics,0.231
10689,AMR-Centre,anti microbial research centre aim accelerate development new antibiotic provide development service company world return commercial share new product develop,Gut Microbiome,0.403,Life Sciences,0.397,BioTech,0.328
7129,AMTE-Power,amte power partner niche customer enable scale transfer emerge new cell technology manufacture business involve transfer developed pilot scale process facility company work research group pilot scale facility early stage invention aid design manufacture amte power secure commercial project government back project research develop generation battery,Electrification,0.34,Automotive,0.335,Sharing Economy,0.331
4930,Anacail,anacail technology remove handle safety barrier associate use ozone generate ozone directly final product packaging packaging seal,Carbon Capture,0.303,Security,0.256,Physical Storage,0.251
10488,Anaphore,anaphore immunonewco develop new class protein therapeutic address significant unmet medical need patient life threaten disease,BioTech,0.377,Life Sciences,0.319,Longevity,0.273
2596,Andela,andela global talent network connect company engineer talent emerge market hundred lead company like github cloudflare viacomcbs leverage andela scale engineering team quickly cost effectively distribute organization span continent andela back investor include generation investment management chan zuckerberg initiative spark capital google venture,Future of Work,0.418,Economic Empowerment,0.357,Creator Economy,0.347
2087,Angry-Monk,angry monk platform help business fight food waste company marketplace product aggregate fresh quality surplus supply chain sell restaurant institutional canteen food manufacturer,Food & Beverage,0.497,Retail,0.407,Sharing Economy,0.364
278,Ankorstore,ankorstore online marketplace connect independent shop owner specialist brand neighborhood retailer offer benefit retailer brand retailer possibility discover select thousand brand click benefit day payment term test sale low minimum order quantity advantage constantly evolve tool offer platform brand creator ankorstore allow easily sell product store europe benefit direct contact return retailer payment delivery solve cash flow issue,E-commerce,0.585,Retail,0.525,Sharing Economy,0.379
9471,Anodot,anodot autonomous analytic platform leverage advanced machine learn technique constantly analyze correlate business parameter provide real time alert forecast context lowering time detection resolution lead edge patented technology trust client industry range ecommerce fintech adtech telco gaming free play offense grow business,RegTech,0.509,MarTech,0.469,Industrial IoT,0.467
507,Anrok,anrok modern sale tax solution internet era build specifically saas business anrok unify sale tax monitoring calculation remittance financial stack,FinTech,0.316,Platforms,0.298,Sharing Economy,0.289
730,Antenova,antenova engage design development supply standard custom antenna radio frequency antenna module product mobile handset adapter portable device laptop computer wireless device antenova incorporate headquartered stow cum quy united kingdom design sale support center taipei taiwan chicago illinois shanghai china manufacturing operation taiwan china,IoT,0.29,Mobile,0.23,Beauty,0.2
8125,Anthro-Energy,anthro reimagine energy storage future advanced material company work solution press issue confront battery power electrify future ruggedize battery safely enable electrified future tomorrow back world class investor variety government grant,Electrification,0.59,Energy Storage,0.565,Energy Efficiency,0.474
4356,Antiverse,antiverse new type antibody discovery company accelerate drug development platform exist intersection structural biology machine learn medicine enable breakthrough happen quickly cost effectively dedicate engineering future drug development change course people live,BioTech,0.549,Life Sciences,0.546,Longevity,0.327
3997,Antser,antser large provider expert witness service children social care sector alongside solution range direct work child core compliance transformation training technology include innovative impactful virtual reality vr program design interact support vulnerable member society industry lead subject matter expert antser develop service insight address urgent challenge country care sector deliver well outcome,FamilyTech,0.397,Metaverse,0.377,EdTech,0.358
10173,Anyone,app give minute anyone time community marketplace make possible share knowledge live experience pay pay forward found sweden hybrid remote company team member stockholm london paris new york,Mobile,0.425,Sharing Economy,0.42,Platforms,0.413
8168,Anything-World,not offer courier service ubisoft nexus interactive rehab techstar trust consistently deliver guarantee scalability regardless demand uptime,Sharing Economy,0.372,Platforms,0.361,E-commerce,0.34
3460,AnyVision,aanyvision world lead visual ai platform company enterprise globe use create trust seamless physical security experience customer employee companys solution build function camera resolution prove operate high accuracy real time real world scenario anyvision harness cut edge research powerful technology platform world safe intuitive connect place,InsurTech,0.424,Metaverse,0.375,Future of Work,0.37
1970,Aparito,aparito global health tech company bring clinical trial patient unlock real world datum mobile app video assessment wearable device provide patient centric platform integrate clinical regulatory expertise capture patient datum develop digital endpoint hybrid decentralized clinical trial streamline drug development process,MedTech,0.45,Healthcare,0.416,Health Tech,0.394
7124,ApcinteX,apcintex develop market anticoagulant apc pathway treat haemophilia apcintex develop new treatment seek turn activity key natural anticoagulant pathway produce normal blood clot patient haemophilia mean drug potentially treat patient type haemophilia include develop antibodie replacement factor furthermore drug cause anti clotting antibody form administer fortnightly simple injection skin,Life Sciences,0.309,BioTech,0.244,Healthcare,0.187
8609,Apertio,apertio provide single open subscriber centric architecture current new generation operator aim eliminate complexity cost dramatically reduce new service deployment time lie foundation im network,Cloud Infrastructure,0.367,Cloud Ops,0.312,IoT,0.302
7295,Aperto-Networks,aperto network manufacturer highly versatile cost effective carrier grade wimax forum certify infrastructure equipment award win packetmax technology enable service provider enterprise worldwide profitably deliver affordable wireless voice broadband data service business residential customer government organization kind company offer solution fix mobile wimax application aperto support frequenciesboth license world,Mobile,0.38,Telecoms,0.369,Communications,0.322
3217,Aperza,aperza mission contribute redesigning manufacture industry eliminate barrier industry barrier information transaction communication company people face industry manufacturing industry japanese core industry like contribute rebirth industry activity support company challenge global market support start up try brand new industry trend industry smart factory believe lead increase people industry growth industry eventually,Food & Beverage,0.377,MarTech,0.333,Economic Empowerment,0.326
2621,Aphetor,aphetor change game giving bear digital generation sport term world good content creator compete kind entertaining challenge audience love create huge ecosystem snackable sharable content format channel consume,Gaming,0.5,Metaverse,0.442,Esports,0.44
2118,Apiary-Book,help beekeeper world well inform decision provide complete solution management monitoring analyze datum bee colony environmental factor affect health beekeeper line defense mission protect planet bee order overcome challenge modern beekeepe provide complete platform allow data collection analysis good practice define stakeholder involve apiculture industry,AgTech,0.386,RegTech,0.37,Data Management,0.359
10436,Apica,apica provide effective technology optimize performance cloud mobile application apica webexcellence suite offer company developer alike easy use cloud base load testing web performance monitoring tool test application maximum capacity daily performance improve load times protection peak load,Cloud Ops,0.354,Developer Tools,0.35,API-First,0.341
7270,Apolitical,apoliticalis global learning platform government help government transform connect public servant late good idea skill partner mission accelerate transformation government apolitical ten thousand public servant country mayor minister millennial digital innovator name fast company innovative company world,EdTech,0.324,Social Impact,0.316,Disinformation,0.278
3492,Apollo-Agriculture,apollo help farmer emerge market maximize profit company use agronomic machine learn remote sense mobile phone deliver customize package credit high quality farm input advice double farm yield start kenya apolloassesse farmer credit risk customize package farmer specific location usingsatellite datum soil datum farmer behavior datum crop yield model,AgTech,0.486,Big Data,0.37,Analytics,0.369
2585,Appear-Here,appear online marketplace retail space company found facilitated opening store uk france appear raise total vc funding previous backer spotify pinterest hailo trivago,Creator Economy,0.414,Sharing Economy,0.388,E-commerce,0.382
938,AppExtras,appextras cross promotion network mobile application publisher publisher ability earn extra cash recommend new application exist user appextras enable mobile app publisher increase earning protect brand publisher curate app recommendation launch corey cotter glenn marcus,Mobile,0.502,Platforms,0.425,E-commerce,0.411
8336,AppGyver,appgyver provider innovative tool code development suitable novice season developer alike appgyver create user friendly business drive tool rapid app creation appgyver composer let company developer create distribute sophisticated business business business employee app appgyver tool trust user fortune company,Platforms,0.419,Developer Tools,0.338,Sharing Economy,0.334
7264,Applied,apply essential platform debiase hire anonymizing application leverage skill base methodology building transparency analytic step process platform identify vital talent overlook organization transform way hire discover good candidate help usher world feel sense inclusion equity belong,Economic Empowerment,0.473,Human Resources,0.419,Platforms,0.402
9916,Applied-Blockchain,apply blockchain build business application advanced cryptography provide superior datum security data privacy specialise privacy enhance technology distribute ledger build application enterprise startup financial service energy aviation automotive supply chain commodity telecom legal medical property recruitment large client shell investor,FinTech,0.565,Crypto,0.538,Blockchain,0.53
8472,Applifier,applifier cross promotion network social games application aug applifier reach mau work social application facebook applifier help social application grow provide portfolio application cross promote applifier user social application find high quality application use turn originating appklication get new viral user spend money,Mobile,0.424,Social Networks,0.398,Sharing Economy,0.398
7235,Appredict,appredict ltd data analysis company specialise analyse understand development lifecycle app provide information app developer help maximise revenue stream product,Analytics,0.38,Platforms,0.378,RegTech,0.358
3138,AppsFlyer,appsflyer help brand good choice business customer advance measurement data analytic deep link engagement fraud protection datum clean room privacy preserve technology build idea brand increase customer privacy provide exceptional experience appsflyer empower thousand creator technology partner create well meaningful customer relationship learn visit,Sharing Economy,0.412,E-commerce,0.392,Platforms,0.352
907,Appwrite,appwrite cut time cost require build modern application abstract simplify common development task rest apis help develop app fast secure way,API-First,0.39,Platforms,0.337,Productivity,0.314
9712,Apricity,apricity world virtual fertility clinic aim disrupt fertility treatment experience improve chance woman couple difficulty conceive datum artificial intelligence project lead prominent entrepreneur medical practitioner commit executive datum scientist prove track record,SexTech,0.424,Metaverse,0.412,FemTech,0.41
4900,Aptatek-Biosciences,aptatek develop diagnosis monitor inborn disease centralize laboratory aptatek core technology base dna aptamer sequence detect small molecule biomarker blood pressure identify large range marker analyze laboratory,Life Sciences,0.506,BioTech,0.347,Genomics,0.311
4702,Aqdot,aqdot technology allow raw material efficient way manufacture microcapsule lead low energy consumption waste potential application include encapsulate enzyme laundry detergent encapsulate fertiliser agrochemical sector microencapsulation multi annum industry establish application household personal care food agrochemical market,Food & Beverage,0.375,AgTech,0.318,Automotive,0.293
7814,Aquapak-Polymers,aquapak polymer developer polyvinyl alcohol resin product company provide polymer base resin material enable circular economy aquapak polymer technology material water soluble formulate biodegrade product,Chemicals,0.449,Materials,0.325,OceanTech,0.282
2884,Aquapharm-Biodiscovery,aquapharm innovative drug discovery company focusse develop new product found chemical diversity marine micro organism core focus development novel pharmaceutical compound lead development novel antibiotic target gram negative gram positive infection addition aquapharm development pipeline feed active discovery portfolio anti oxidant anti inflammatorie novel biocatalyst,OceanTech,0.406,Life Sciences,0.399,BioTech,0.353
7495,Archemix,archemix biotechnology company engage discover develop commercialize aptamer therapeutic prevention treatment chronic acute disease massachusetts aptamer product candidate include thrombotic microangiopathyie carotid endarterectomy surgical procedure company offer product candidate cardiovascular hematology oncology disease archemix incorporate base cambridge massachusetts,Life Sciences,0.424,BioTech,0.314,Healthcare,0.283
